cause_category,source_group,repo_name,time,metric,commit_match_status,ncloc_scope_status,paper_latest_commit,our_latest_commit,paper_value,our_value,diff,abs_diff,is_treatment,post_event,time_to_event,outlier_direction,local_repo_path,local_repo_exists
source_scope_difference_or_mixed,treatment,zauberzeug/nicegui,2025-04,ncloc,exact_match,ncloc_different,2b8b1a696992e64578f2e4c5fc285e90b60b87a6,2b8b1a696992e64578f2e4c5fc285e90b60b87a6,211510.0,78118.0,-133392.0,133392.0,1,1,1.0,negative,../treatment-repos/zauberzeug_nicegui,True
source_scope_difference_or_mixed,treatment,PostHog/posthog,2025-04,ncloc,exact_match,ncloc_different,08f147eb9879e899fb7939f4b9413c86164ba7f9,08f147eb9879e899fb7939f4b9413c86164ba7f9,937017.0,1025455.0,88438.0,88438.0,1,1,2.0,positive,../treatment-repos/PostHog_posthog,True
source_scope_difference_or_mixed,treatment,PostHog/posthog,2025-08,ncloc,exact_match,ncloc_different,79cf381322842888a721905c09490e85f98a5a2a,79cf381322842888a721905c09490e85f98a5a2a,1232071.0,1313277.0,81206.0,81206.0,1,1,6.0,positive,../treatment-repos/PostHog_posthog,True
commit_selection_difference,treatment,PostHog/posthog,2025-07,ncloc,mismatch,,0208352822068d8747214c905d729dff4ebe49f1,8e13bf3cbfe9684eb907f7ddf706aa9fae2099e0,1155675.0,1224250.0,68575.0,68575.0,1,1,5.0,positive,../treatment-repos/PostHog_posthog,True
source_scope_difference_or_mixed,treatment,PostHog/posthog,2025-06,ncloc,exact_match,ncloc_different,bf87ddcb0e02027bb8c1e7a1aa2e03f0c4312e90,bf87ddcb0e02027bb8c1e7a1aa2e03f0c4312e90,1079135.0,1143141.0,64006.0,64006.0,1,1,4.0,positive,../treatment-repos/PostHog_posthog,True
source_scope_difference_or_mixed,treatment,zauberzeug/nicegui,2025-04,technical_debt,exact_match,ncloc_different,2b8b1a696992e64578f2e4c5fc285e90b60b87a6,2b8b1a696992e64578f2e4c5fc285e90b60b87a6,193776.0,136929.0,-56847.0,56847.0,1,1,1.0,negative,../treatment-repos/zauberzeug_nicegui,True
source_scope_difference_or_mixed,treatment,PostHog/posthog,2025-05,ncloc,exact_match,ncloc_different,fa2cab6b204f2efeabb5c5bbc1d35ff23c91ec8b,fa2cab6b204f2efeabb5c5bbc1d35ff23c91ec8b,1021926.0,1075854.0,53928.0,53928.0,1,1,3.0,positive,../treatment-repos/PostHog_posthog,True
source_scope_difference_or_mixed,treatment,PostHog/posthog,2025-03,ncloc,exact_match,ncloc_different,ecdaddcfaf15967165806e2cd4f9bc0cfb40f0e1,ecdaddcfaf15967165806e2cd4f9bc0cfb40f0e1,936364.0,981233.0,44869.0,44869.0,1,1,1.0,positive,../treatment-repos/PostHog_posthog,True
source_scope_difference_or_mixed,treatment,PostHog/posthog,2025-02,ncloc,exact_match,ncloc_different,e6cdfed56138f74a1e8bcac05f60036d96ab9a6a,e6cdfed56138f74a1e8bcac05f60036d96ab9a6a,896790.0,933176.0,36386.0,36386.0,1,1,0.0,positive,../treatment-repos/PostHog_posthog,True
source_scope_difference_or_mixed,treatment,zauberzeug/nicegui,2025-02,technical_debt,exact_match,ncloc_close,b71074ef73498f532234a837ea04a08ffbf4e804,b71074ef73498f532234a837ea04a08ffbf4e804,193727.0,229531.0,35804.0,35804.0,0,0,-1.0,positive,../treatment-repos/zauberzeug_nicegui,True
source_scope_difference_or_mixed,treatment,zauberzeug/nicegui,2025-01,technical_debt,exact_match,ncloc_close,7a540bf3dded6f1e58d32bf21a97d9a5c013afc1,7a540bf3dded6f1e58d32bf21a97d9a5c013afc1,193727.0,229522.0,35795.0,35795.0,0,0,-2.0,positive,../treatment-repos/zauberzeug_nicegui,True
source_scope_difference_or_mixed,treatment,zauberzeug/nicegui,2025-03,technical_debt,exact_match,ncloc_close,745167c81c219beda5ebaf850dfb7a3e772f96ac,745167c81c219beda5ebaf850dfb7a3e772f96ac,193770.0,229554.0,35784.0,35784.0,1,1,0.0,positive,../treatment-repos/zauberzeug_nicegui,True
source_scope_difference_or_mixed,treatment,zauberzeug/nicegui,2024-12,technical_debt,exact_match,ncloc_close,343dc0da8de0cf2f645cf8b5d76f5b439cb817f3,343dc0da8de0cf2f645cf8b5d76f5b439cb817f3,193717.0,229487.0,35770.0,35770.0,0,0,-3.0,positive,../treatment-repos/zauberzeug_nicegui,True
source_scope_difference_or_mixed,treatment,zauberzeug/nicegui,2024-11,technical_debt,exact_match,ncloc_close,25a633450d1223dcc8f1ad59d260d2e844b5519d,25a633450d1223dcc8f1ad59d260d2e844b5519d,193701.0,229427.0,35726.0,35726.0,0,0,-4.0,positive,../treatment-repos/zauberzeug_nicegui,True
source_scope_difference_or_mixed,treatment,PostHog/posthog,2025-01,ncloc,exact_match,ncloc_different,1253d960c415d65583dac034353702ad74016da1,1253d960c415d65583dac034353702ad74016da1,837418.0,870221.0,32803.0,32803.0,0,0,-1.0,positive,../treatment-repos/PostHog_posthog,True
source_scope_difference_or_mixed,treatment,PostHog/posthog,2024-12,ncloc,exact_match,ncloc_different,3aa25f3257f981db0b7e8b5411dc209b66c6f4c2,3aa25f3257f981db0b7e8b5411dc209b66c6f4c2,802199.0,832993.0,30794.0,30794.0,0,0,-2.0,positive,../treatment-repos/PostHog_posthog,True
source_scope_difference_or_mixed,treatment,PostHog/posthog,2024-11,ncloc,exact_match,ncloc_different,b4d51e3b746e6174a7d60c525ea22387f00dcafe,b4d51e3b746e6174a7d60c525ea22387f00dcafe,776480.0,806559.0,30079.0,30079.0,0,0,-3.0,positive,../treatment-repos/PostHog_posthog,True
source_scope_difference_or_mixed,treatment,zauberzeug/nicegui,2025-04,cognitive_complexity,exact_match,ncloc_different,2b8b1a696992e64578f2e4c5fc285e90b60b87a6,2b8b1a696992e64578f2e4c5fc285e90b60b87a6,94814.0,65372.0,-29442.0,29442.0,1,1,1.0,negative,../treatment-repos/zauberzeug_nicegui,True
source_scope_difference_or_mixed,treatment,PostHog/posthog,2024-10,ncloc,exact_match,ncloc_different,12ff477551dfc5a197aca3006e14e4193183dbd8,12ff477551dfc5a197aca3006e14e4193183dbd8,748190.0,774018.0,25828.0,25828.0,0,0,-4.0,positive,../treatment-repos/PostHog_posthog,True
source_scope_difference_or_mixed,treatment,wdm0006/elote,2025-02,cognitive_complexity,exact_match,ncloc_different,6371b529b88402434e8cafaaf0ed137b412bfd6b,6371b529b88402434e8cafaaf0ed137b412bfd6b,25342.0,275.0,-25067.0,25067.0,1,1,0.0,negative,../treatment-repos/wdm0006_elote,True
source_scope_difference_or_mixed,treatment,wdm0006/elote,2024-07,cognitive_complexity,exact_match,ncloc_different,75739e6ad51f3d50fdd047a0136f56b6274ad080,75739e6ad51f3d50fdd047a0136f56b6274ad080,25213.0,146.0,-25067.0,25067.0,0,0,-7.0,negative,../treatment-repos/wdm0006_elote,True
source_scope_difference_or_mixed,treatment,PostHog/posthog,2024-09,ncloc,exact_match,ncloc_different,761c6ce0ab4db14ddede62cb61b6d6854dff7ea7,761c6ce0ab4db14ddede62cb61b6d6854dff7ea7,725600.0,748626.0,23026.0,23026.0,0,0,-5.0,positive,../treatment-repos/PostHog_posthog,True
source_scope_difference_or_mixed,control,lancedb/lancedb,2025-08,ncloc,exact_match,ncloc_different,47747287b616d4a2f1dd14f811f218e3caee7f8d,47747287b616d4a2f1dd14f811f218e3caee7f8d,28931.0,51090.0,22159.0,22159.0,0,0,,positive,../control-repos/lancedb_lancedb,True
source_scope_difference_or_mixed,control,lancedb/lancedb,2025-07,ncloc,exact_match,ncloc_different,c7afa724ddf1a3a5ff0633edc75c93570b9a5689,c7afa724ddf1a3a5ff0633edc75c93570b9a5689,31373.0,53434.0,22061.0,22061.0,0,0,,positive,../control-repos/lancedb_lancedb,True
source_scope_difference_or_mixed,control,lancedb/lancedb,2025-06,ncloc,exact_match,ncloc_different,1dadb2aefa8c7e20098f8bdd4fad45383a8ebab7,1dadb2aefa8c7e20098f8bdd4fad45383a8ebab7,30612.0,52330.0,21718.0,21718.0,0,0,,positive,../control-repos/lancedb_lancedb,True
source_scope_difference_or_mixed,control,lancedb/lancedb,2025-05,ncloc,exact_match,ncloc_different,0525c055fcc6b25297084bdaddc072d206345df1,0525c055fcc6b25297084bdaddc072d206345df1,30103.0,51641.0,21538.0,21538.0,0,0,,positive,../control-repos/lancedb_lancedb,True
source_scope_difference_or_mixed,control,lancedb/lancedb,2025-04,ncloc,exact_match,ncloc_different,3cc670ac3860bb9990d89f61d9b1644b0e4c658f,3cc670ac3860bb9990d89f61d9b1644b0e4c658f,29375.0,50737.0,21362.0,21362.0,0,0,,positive,../control-repos/lancedb_lancedb,True
source_scope_difference_or_mixed,treatment,PostHog/posthog,2024-08,ncloc,exact_match,ncloc_different,0a6ab2622fd9404afdc60100fef54c3c112ea379,0a6ab2622fd9404afdc60100fef54c3c112ea379,695941.0,715660.0,19719.0,19719.0,0,0,-6.0,positive,../treatment-repos/PostHog_posthog,True
source_scope_difference_or_mixed,control,lancedb/lancedb,2025-03,ncloc,exact_match,ncloc_different,e59f9382a0de2f70b931373b29a11a27824bf639,e59f9382a0de2f70b931373b29a11a27824bf639,28068.0,47274.0,19206.0,19206.0,0,0,,positive,../control-repos/lancedb_lancedb,True
source_scope_difference_or_mixed,treatment,zauberzeug/nicegui,2025-05,technical_debt,exact_match,ncloc_close,947772d66c6d108a7d12fe65b8b76f6110f7d20e,947772d66c6d108a7d12fe65b8b76f6110f7d20e,118922.0,136955.0,18033.0,18033.0,1,1,2.0,positive,../treatment-repos/zauberzeug_nicegui,True
source_scope_difference_or_mixed,treatment,zauberzeug/nicegui,2025-06,technical_debt,exact_match,ncloc_close,b3ea0df4e3b73a6e9e8f8fa57b8c052deb8f3694,b3ea0df4e3b73a6e9e8f8fa57b8c052deb8f3694,118972.0,136975.0,18003.0,18003.0,1,1,3.0,positive,../treatment-repos/zauberzeug_nicegui,True
source_scope_difference_or_mixed,treatment,zauberzeug/nicegui,2025-07,technical_debt,exact_match,ncloc_close,30a70325d55e110b87a6279664e6b7987ceb2067,30a70325d55e110b87a6279664e6b7987ceb2067,119151.0,137105.0,17954.0,17954.0,1,1,4.0,positive,../treatment-repos/zauberzeug_nicegui,True
source_scope_difference_or_mixed,treatment,zauberzeug/nicegui,2025-08,technical_debt,exact_match,ncloc_close,47a9542199eda065b82bfefe2f159323621d3d38,47a9542199eda065b82bfefe2f159323621d3d38,119160.0,137112.0,17952.0,17952.0,1,1,5.0,positive,../treatment-repos/zauberzeug_nicegui,True
source_scope_difference_or_mixed,control,lancedb/lancedb,2025-02,ncloc,exact_match,ncloc_different,dfe4ba8dad580232e4450903a5d1b239b19f8173,dfe4ba8dad580232e4450903a5d1b239b19f8173,26921.0,44605.0,17684.0,17684.0,0,0,,positive,../control-repos/lancedb_lancedb,True
source_scope_difference_or_mixed,treatment,DataDog/integrations-core,2025-01,technical_debt,exact_match,ncloc_close,82c4055486147402d96748c0abd63de6850e83d1,82c4055486147402d96748c0abd63de6850e83d1,35928.0,18884.0,-17044.0,17044.0,0,0,-2.0,negative,../treatment-repos/DataDog_integrations-core,True
source_scope_difference_or_mixed,treatment,DataDog/integrations-core,2025-02,technical_debt,exact_match,ncloc_close,c3628b5ded79e88ab572dfd7bac6e5c1cd91f1d8,c3628b5ded79e88ab572dfd7bac6e5c1cd91f1d8,35815.0,18781.0,-17034.0,17034.0,0,0,-1.0,negative,../treatment-repos/DataDog_integrations-core,True
source_scope_difference_or_mixed,treatment,DataDog/integrations-core,2025-03,technical_debt,exact_match,ncloc_close,67cf3ad93e6873944bcdbd153c7305b03c2f51d4,67cf3ad93e6873944bcdbd153c7305b03c2f51d4,36164.0,19179.0,-16985.0,16985.0,1,1,0.0,negative,../treatment-repos/DataDog_integrations-core,True
source_scope_difference_or_mixed,treatment,DataDog/integrations-core,2025-04,technical_debt,exact_match,ncloc_close,fe4697fca14149122b2d992e53f8a0396755ebff,fe4697fca14149122b2d992e53f8a0396755ebff,36164.0,19262.0,-16902.0,16902.0,1,1,1.0,negative,../treatment-repos/DataDog_integrations-core,True
source_scope_difference_or_mixed,treatment,DataDog/integrations-core,2025-07,technical_debt,exact_match,ncloc_close,26abd13d37aca13903e1cf8e64b1f0f0959630f6,26abd13d37aca13903e1cf8e64b1f0f0959630f6,36876.0,20039.0,-16837.0,16837.0,1,1,4.0,negative,../treatment-repos/DataDog_integrations-core,True
source_scope_difference_or_mixed,treatment,DataDog/integrations-core,2025-08,technical_debt,exact_match,ncloc_close,af4afd423a8cce60bcaf879e543f1b696e3f0caa,af4afd423a8cce60bcaf879e543f1b696e3f0caa,37132.0,20324.0,-16808.0,16808.0,1,1,5.0,negative,../treatment-repos/DataDog_integrations-core,True
source_scope_difference_or_mixed,treatment,DataDog/integrations-core,2024-12,technical_debt,exact_match,ncloc_close,e6b077a2f4e4526dc00261698d752e7481547e66,e6b077a2f4e4526dc00261698d752e7481547e66,35613.0,18850.0,-16763.0,16763.0,0,0,-3.0,negative,../treatment-repos/DataDog_integrations-core,True
source_scope_difference_or_mixed,treatment,DataDog/integrations-core,2024-11,technical_debt,exact_match,ncloc_close,c08fd423affb8f7257d8fcb8e9a5afd869681415,c08fd423affb8f7257d8fcb8e9a5afd869681415,35413.0,18688.0,-16725.0,16725.0,0,0,-4.0,negative,../treatment-repos/DataDog_integrations-core,True
source_scope_difference_or_mixed,control,lancedb/lancedb,2025-01,ncloc,exact_match,ncloc_different,5e98b7f4c0cf16cdbab10d945c086a5f9ea4be6c,5e98b7f4c0cf16cdbab10d945c086a5f9ea4be6c,25744.0,42438.0,16694.0,16694.0,0,0,,positive,../control-repos/lancedb_lancedb,True
source_scope_difference_or_mixed,treatment,DataDog/integrations-core,2025-06,technical_debt,exact_match,ncloc_close,f9f78ed17fce4bcd63e24aaa39a9e47dddbd7f4f,f9f78ed17fce4bcd63e24aaa39a9e47dddbd7f4f,36392.0,19823.0,-16569.0,16569.0,1,1,3.0,negative,../treatment-repos/DataDog_integrations-core,True
source_scope_difference_or_mixed,treatment,DataDog/integrations-core,2025-05,technical_debt,exact_match,ncloc_close,1c924825332db0360a98ffc39e7c9d87618d66aa,1c924825332db0360a98ffc39e7c9d87618d66aa,36154.0,19633.0,-16521.0,16521.0,1,1,2.0,negative,../treatment-repos/DataDog_integrations-core,True
source_scope_difference_or_mixed,control,lancedb/lancedb,2024-12,ncloc,exact_match,ncloc_different,92d845fa725cd044db1a10299046031c201febd0,92d845fa725cd044db1a10299046031c201febd0,23524.0,39898.0,16374.0,16374.0,0,0,,positive,../control-repos/lancedb_lancedb,True
source_scope_difference_or_mixed,treatment,DataDog/integrations-core,2024-09,technical_debt,exact_match,ncloc_close,c1e85309a37c7c508f41c365f3002708f77f8cbf,c1e85309a37c7c508f41c365f3002708f77f8cbf,34980.0,18765.0,-16215.0,16215.0,0,0,-6.0,negative,../treatment-repos/DataDog_integrations-core,True
source_scope_difference_or_mixed,treatment,DataDog/integrations-core,2024-08,technical_debt,exact_match,ncloc_close,523c5afc8405d8726f7cf8867bbd5f75a75ce24e,523c5afc8405d8726f7cf8867bbd5f75a75ce24e,34216.0,18366.0,-15850.0,15850.0,0,0,-7.0,negative,../treatment-repos/DataDog_integrations-core,True
source_scope_difference_or_mixed,treatment,DataDog/integrations-core,2024-07,technical_debt,exact_match,ncloc_close,cdbf62d31e3f4f8ab0702b386c32dd06473d95e7,cdbf62d31e3f4f8ab0702b386c32dd06473d95e7,34055.0,18238.0,-15817.0,15817.0,0,0,-8.0,negative,../treatment-repos/DataDog_integrations-core,True
source_scope_difference_or_mixed,treatment,DataDog/integrations-core,2024-10,technical_debt,exact_match,ncloc_close,cbb5fc6a80505309a1b00b37b77d772255490afa,cbb5fc6a80505309a1b00b37b77d772255490afa,33907.0,18588.0,-15319.0,15319.0,0,0,-5.0,negative,../treatment-repos/DataDog_integrations-core,True
source_scope_difference_or_mixed,control,lancedb/lancedb,2024-11,ncloc,exact_match,ncloc_different,83e26a231e487673ce6f92dc32e7fe7d8c6d16d0,83e26a231e487673ce6f92dc32e7fe7d8c6d16d0,22522.0,37497.0,14975.0,14975.0,0,0,,positive,../control-repos/lancedb_lancedb,True
source_scope_difference_or_mixed,treatment,DataDog/integrations-core,2024-06,technical_debt,exact_match,ncloc_close,40193a9e2b1b854a8f3b95dd0e7041259f22653d,40193a9e2b1b854a8f3b95dd0e7041259f22653d,32532.0,18100.0,-14432.0,14432.0,0,0,-9.0,negative,../treatment-repos/DataDog_integrations-core,True
source_scope_difference_or_mixed,control,lancedb/lancedb,2024-10,ncloc,exact_match,ncloc_different,f3fc339ef650517674a22995d81f9ae21e7bae5a,f3fc339ef650517674a22995d81f9ae21e7bae5a,21682.0,35585.0,13903.0,13903.0,0,0,,positive,../control-repos/lancedb_lancedb,True
commit_selection_difference,treatment,zauberzeug/nicegui,2024-02,technical_debt,mismatch,,38fcfe13fd8e5b297a8cb12aa357f94ad3d84eda,4a0c1c874fc3b56c4f2dc400a4367a71df5a66fe,124407.0,137896.0,13489.0,13489.0,0,0,-13.0,positive,../treatment-repos/zauberzeug_nicegui,True
source_scope_difference_or_mixed,control,lancedb/lancedb,2024-09,ncloc,exact_match,ncloc_different,d6b505477886b48b4868a56481373e2a29a72fcd,d6b505477886b48b4868a56481373e2a29a72fcd,21675.0,34763.0,13088.0,13088.0,0,0,,positive,../control-repos/lancedb_lancedb,True
source_scope_difference_or_mixed,treatment,zauberzeug/nicegui,2025-04,static_analysis_warnings,exact_match,ncloc_different,2b8b1a696992e64578f2e4c5fc285e90b60b87a6,2b8b1a696992e64578f2e4c5fc285e90b60b87a6,37736.0,25428.0,-12308.0,12308.0,1,1,1.0,negative,../treatment-repos/zauberzeug_nicegui,True
source_scope_difference_or_mixed,treatment,zauberzeug/nicegui,2025-04,code_smells,exact_match,ncloc_different,2b8b1a696992e64578f2e4c5fc285e90b60b87a6,2b8b1a696992e64578f2e4c5fc285e90b60b87a6,33270.0,24822.0,-8448.0,8448.0,1,1,1.0,negative,../treatment-repos/zauberzeug_nicegui,True
source_scope_difference_or_mixed,treatment,zauberzeug/nicegui,2025-02,code_smells,exact_match,ncloc_close,b71074ef73498f532234a837ea04a08ffbf4e804,b71074ef73498f532234a837ea04a08ffbf4e804,33269.0,41102.0,7833.0,7833.0,0,0,-1.0,positive,../treatment-repos/zauberzeug_nicegui,True
source_scope_difference_or_mixed,treatment,zauberzeug/nicegui,2025-01,code_smells,exact_match,ncloc_close,7a540bf3dded6f1e58d32bf21a97d9a5c013afc1,7a540bf3dded6f1e58d32bf21a97d9a5c013afc1,33269.0,41099.0,7830.0,7830.0,0,0,-2.0,positive,../treatment-repos/zauberzeug_nicegui,True
source_scope_difference_or_mixed,treatment,zauberzeug/nicegui,2025-03,code_smells,exact_match,ncloc_close,745167c81c219beda5ebaf850dfb7a3e772f96ac,745167c81c219beda5ebaf850dfb7a3e772f96ac,33270.0,41099.0,7829.0,7829.0,1,1,0.0,positive,../treatment-repos/zauberzeug_nicegui,True
source_scope_difference_or_mixed,treatment,zauberzeug/nicegui,2024-12,code_smells,exact_match,ncloc_close,343dc0da8de0cf2f645cf8b5d76f5b439cb817f3,343dc0da8de0cf2f645cf8b5d76f5b439cb817f3,33267.0,41092.0,7825.0,7825.0,0,0,-3.0,positive,../treatment-repos/zauberzeug_nicegui,True
source_scope_difference_or_mixed,treatment,zauberzeug/nicegui,2024-11,code_smells,exact_match,ncloc_close,25a633450d1223dcc8f1ad59d260d2e844b5519d,25a633450d1223dcc8f1ad59d260d2e844b5519d,33267.0,41078.0,7811.0,7811.0,0,0,-4.0,positive,../treatment-repos/zauberzeug_nicegui,True
paper_commit_missing,treatment,cgevans/qslib,2025-05,ncloc,paper_commit_missing,,,d02b38180d3a4f06775d13e613b0f382447d7c6b,8454.0,1243.0,-7211.0,7211.0,1,1,3.0,negative,../treatment-repos/cgevans_qslib,True
source_scope_difference_or_mixed,treatment,PostHog/posthog,2025-04,cognitive_complexity,exact_match,ncloc_different,08f147eb9879e899fb7939f4b9413c86164ba7f9,08f147eb9879e899fb7939f4b9413c86164ba7f9,69756.0,76027.0,6271.0,6271.0,1,1,2.0,positive,../treatment-repos/PostHog_posthog,True
source_scope_difference_or_mixed,treatment,zauberzeug/nicegui,2025-02,static_analysis_warnings,exact_match,ncloc_close,b71074ef73498f532234a837ea04a08ffbf4e804,b71074ef73498f532234a837ea04a08ffbf4e804,37735.0,43384.0,5649.0,5649.0,0,0,-1.0,positive,../treatment-repos/zauberzeug_nicegui,True
source_scope_difference_or_mixed,treatment,zauberzeug/nicegui,2025-01,static_analysis_warnings,exact_match,ncloc_close,7a540bf3dded6f1e58d32bf21a97d9a5c013afc1,7a540bf3dded6f1e58d32bf21a97d9a5c013afc1,37735.0,43381.0,5646.0,5646.0,0,0,-2.0,positive,../treatment-repos/zauberzeug_nicegui,True
source_scope_difference_or_mixed,treatment,zauberzeug/nicegui,2025-03,static_analysis_warnings,exact_match,ncloc_close,745167c81c219beda5ebaf850dfb7a3e772f96ac,745167c81c219beda5ebaf850dfb7a3e772f96ac,37736.0,43381.0,5645.0,5645.0,1,1,0.0,positive,../treatment-repos/zauberzeug_nicegui,True
source_scope_difference_or_mixed,treatment,zauberzeug/nicegui,2024-12,static_analysis_warnings,exact_match,ncloc_close,343dc0da8de0cf2f645cf8b5d76f5b439cb817f3,343dc0da8de0cf2f645cf8b5d76f5b439cb817f3,37733.0,43374.0,5641.0,5641.0,0,0,-3.0,positive,../treatment-repos/zauberzeug_nicegui,True
commit_selection_difference,treatment,cgevans/qslib,2025-08,ncloc,mismatch,,76acc07a52d0995fe6db5a2dbbe4a9495bfbbaea,8f7d15ae779d1e4381e4fe9cdbec6871a0e43678,8397.0,14026.0,5629.0,5629.0,1,1,6.0,positive,../treatment-repos/cgevans_qslib,True
source_scope_difference_or_mixed,treatment,zauberzeug/nicegui,2024-11,static_analysis_warnings,exact_match,ncloc_close,25a633450d1223dcc8f1ad59d260d2e844b5519d,25a633450d1223dcc8f1ad59d260d2e844b5519d,37733.0,43358.0,5625.0,5625.0,0,0,-4.0,positive,../treatment-repos/zauberzeug_nicegui,True
source_scope_difference_or_mixed,treatment,PostHog/posthog,2025-08,cognitive_complexity,exact_match,ncloc_different,79cf381322842888a721905c09490e85f98a5a2a,79cf381322842888a721905c09490e85f98a5a2a,93378.0,97541.0,4163.0,4163.0,1,1,6.0,positive,../treatment-repos/PostHog_posthog,True
source_scope_difference_or_mixed,treatment,zauberzeug/nicegui,2025-05,code_smells,exact_match,ncloc_close,947772d66c6d108a7d12fe65b8b76f6110f7d20e,947772d66c6d108a7d12fe65b8b76f6110f7d20e,20715.0,24824.0,4109.0,4109.0,1,1,2.0,positive,../treatment-repos/zauberzeug_nicegui,True
source_scope_difference_or_mixed,treatment,zauberzeug/nicegui,2025-08,code_smells,exact_match,ncloc_close,47a9542199eda065b82bfefe2f159323621d3d38,47a9542199eda065b82bfefe2f159323621d3d38,20735.0,24842.0,4107.0,4107.0,1,1,5.0,positive,../treatment-repos/zauberzeug_nicegui,True
source_scope_difference_or_mixed,treatment,zauberzeug/nicegui,2025-07,code_smells,exact_match,ncloc_close,30a70325d55e110b87a6279664e6b7987ceb2067,30a70325d55e110b87a6279664e6b7987ceb2067,20733.0,24840.0,4107.0,4107.0,1,1,4.0,positive,../treatment-repos/zauberzeug_nicegui,True
source_scope_difference_or_mixed,treatment,zauberzeug/nicegui,2025-06,code_smells,exact_match,ncloc_close,b3ea0df4e3b73a6e9e8f8fa57b8c052deb8f3694,b3ea0df4e3b73a6e9e8f8fa57b8c052deb8f3694,20717.0,24823.0,4106.0,4106.0,1,1,3.0,positive,../treatment-repos/zauberzeug_nicegui,True
source_scope_difference_or_mixed,treatment,zauberzeug/nicegui,2025-04,bugs,exact_match,ncloc_different,2b8b1a696992e64578f2e4c5fc285e90b60b87a6,2b8b1a696992e64578f2e4c5fc285e90b60b87a6,4466.0,602.0,-3864.0,3864.0,1,1,1.0,negative,../treatment-repos/zauberzeug_nicegui,True
commit_selection_difference,treatment,PostHog/posthog,2025-07,cognitive_complexity,mismatch,,0208352822068d8747214c905d729dff4ebe49f1,8e13bf3cbfe9684eb907f7ddf706aa9fae2099e0,86434.0,90037.0,3603.0,3603.0,1,1,5.0,positive,../treatment-repos/PostHog_posthog,True
rule_config_analyzer_profile_signal,control,ysj9909/SHViT,2024-04,technical_debt,exact_match,ncloc_identical,fee7ce4258e81baf9e929e90f26168d632d186a7,fee7ce4258e81baf9e929e90f26168d632d186a7,387.0,3967.0,3580.0,3580.0,0,0,,positive,../control-repos/ysj9909_SHViT,True
rule_config_analyzer_profile_signal,control,ysj9909/SHViT,2024-05,technical_debt,exact_match,ncloc_identical,20819cb8f624e183b1fa2ce941ed18ab8037b07d,20819cb8f624e183b1fa2ce941ed18ab8037b07d,387.0,3967.0,3580.0,3580.0,0,0,,positive,../control-repos/ysj9909_SHViT,True
rule_config_analyzer_profile_signal,control,ysj9909/SHViT,2024-06,technical_debt,exact_match,ncloc_identical,6a729ccf18e0b941714b529638bd3d9bacebcef0,6a729ccf18e0b941714b529638bd3d9bacebcef0,387.0,3967.0,3580.0,3580.0,0,0,,positive,../control-repos/ysj9909_SHViT,True
commit_selection_difference,treatment,whiteducksoftware/flock,2025-06,ncloc,mismatch,,1e82eb29281c426f81723a19f28c2b8302cf75ce,db5e65e61bdb943cae439f796be085c5a8218a3c,30227.0,33799.0,3572.0,3572.0,1,1,3.0,positive,../treatment-repos/whiteducksoftware_flock,True
commit_selection_difference,treatment,whiteducksoftware/flock,2025-05,ncloc,mismatch,,8e542bb4c8252648f6a7705a46124a8e76a4e19c,c60e12a13b66d7f9b7c92f42c2681e331c8ed31d,30218.0,33737.0,3519.0,3519.0,1,1,2.0,positive,../treatment-repos/whiteducksoftware_flock,True
source_scope_difference_or_mixed,treatment,PostHog/posthog,2025-06,cognitive_complexity,exact_match,ncloc_different,bf87ddcb0e02027bb8c1e7a1aa2e03f0c4312e90,bf87ddcb0e02027bb8c1e7a1aa2e03f0c4312e90,81500.0,85016.0,3516.0,3516.0,1,1,4.0,positive,../treatment-repos/PostHog_posthog,True
rule_config_analyzer_profile_signal,control,zhipeixu/FakeShield,2025-02,technical_debt,exact_match,ncloc_identical,b807b92ac958678bb278e741864ba4b821fb73c1,b807b92ac958678bb278e741864ba4b821fb73c1,6893.0,10282.0,3389.0,3389.0,0,0,,positive,../control-repos/zhipeixu_FakeShield,True
rule_config_analyzer_profile_signal,control,zhipeixu/FakeShield,2025-04,technical_debt,exact_match,ncloc_identical,2910fb826ea20e11c2c2553c36984630216c0bab,2910fb826ea20e11c2c2553c36984630216c0bab,6893.0,10282.0,3389.0,3389.0,0,0,,positive,../control-repos/zhipeixu_FakeShield,True
rule_config_analyzer_profile_signal,control,zhipeixu/FakeShield,2025-06,technical_debt,exact_match,ncloc_identical,346cb6c74c9a426c1c00d98b13e5f417161a94c1,346cb6c74c9a426c1c00d98b13e5f417161a94c1,6893.0,10282.0,3389.0,3389.0,0,0,,positive,../control-repos/zhipeixu_FakeShield,True
rule_config_analyzer_profile_signal,control,zhipeixu/FakeShield,2025-05,technical_debt,exact_match,ncloc_identical,c34dab9b8df3dc77d2632344eb0d0af387d0658f,c34dab9b8df3dc77d2632344eb0d0af387d0658f,6893.0,10282.0,3389.0,3389.0,0,0,,positive,../control-repos/zhipeixu_FakeShield,True
rule_config_analyzer_profile_signal,control,zhipeixu/FakeShield,2025-03,technical_debt,exact_match,ncloc_identical,7bd43c8badef7341807e85e55a8b216dac6c2424,7bd43c8badef7341807e85e55a8b216dac6c2424,6893.0,10282.0,3389.0,3389.0,0,0,,positive,../control-repos/zhipeixu_FakeShield,True
source_scope_difference_or_mixed,treatment,zauberzeug/nicegui,2024-07,code_smells,exact_match,ncloc_close,b0bc2078fb1e70607879d82ce96e3a488bc41f69,b0bc2078fb1e70607879d82ce96e3a488bc41f69,19352.0,22721.0,3369.0,3369.0,0,0,-8.0,positive,../treatment-repos/zauberzeug_nicegui,True
source_scope_difference_or_mixed,treatment,zauberzeug/nicegui,2024-06,code_smells,exact_match,ncloc_close,462af82d7027979fe68e7245b772c2c6cdbe7d94,462af82d7027979fe68e7245b772c2c6cdbe7d94,19352.0,22718.0,3366.0,3366.0,0,0,-9.0,positive,../treatment-repos/zauberzeug_nicegui,True
source_scope_difference_or_mixed,treatment,zauberzeug/nicegui,2024-05,code_smells,exact_match,ncloc_close,92a0cf0fdaee28ffba8329483e55f2a5d5c529fe,92a0cf0fdaee28ffba8329483e55f2a5d5c529fe,19350.0,22711.0,3361.0,3361.0,0,0,-10.0,positive,../treatment-repos/zauberzeug_nicegui,True
source_scope_difference_or_mixed,treatment,zauberzeug/nicegui,2024-04,code_smells,exact_match,ncloc_close,1bce2bad367d5baf842badb51a0d78c8543a49ef,1bce2bad367d5baf842badb51a0d78c8543a49ef,19343.0,22702.0,3359.0,3359.0,0,0,-11.0,positive,../treatment-repos/zauberzeug_nicegui,True
source_scope_difference_or_mixed,treatment,zauberzeug/nicegui,2024-03,code_smells,exact_match,ncloc_close,fff7b27eea91bf2b3d3f3080f0919c3ac62978b8,fff7b27eea91bf2b3d3f3080f0919c3ac62978b8,19341.0,22694.0,3353.0,3353.0,0,0,-12.0,positive,../treatment-repos/zauberzeug_nicegui,True
commit_selection_difference,treatment,zauberzeug/nicegui,2024-02,code_smells,mismatch,,38fcfe13fd8e5b297a8cb12aa357f94ad3d84eda,4a0c1c874fc3b56c4f2dc400a4367a71df5a66fe,19325.0,22645.0,3320.0,3320.0,0,0,-13.0,positive,../treatment-repos/zauberzeug_nicegui,True
source_scope_difference_or_mixed,treatment,zauberzeug/nicegui,2024-01,code_smells,exact_match,ncloc_close,f4c57a962f8cc96085eb41860c1346da77228824,f4c57a962f8cc96085eb41860c1346da77228824,19235.0,22469.0,3234.0,3234.0,0,0,-14.0,positive,../treatment-repos/zauberzeug_nicegui,True
source_scope_difference_or_mixed,treatment,PostHog/posthog,2025-05,cognitive_complexity,exact_match,ncloc_different,fa2cab6b204f2efeabb5c5bbc1d35ff23c91ec8b,fa2cab6b204f2efeabb5c5bbc1d35ff23c91ec8b,76949.0,79996.0,3047.0,3047.0,1,1,3.0,positive,../treatment-repos/PostHog_posthog,True
commit_selection_difference,treatment,whiteducksoftware/flock,2025-08,ncloc,mismatch,,990a68cac2f293d51d8c8c666a5edc165cd69bbc,88b363080e95e8bdd87e32924216febb6cb5e4c7,30948.0,33463.0,2515.0,2515.0,1,1,5.0,positive,../treatment-repos/whiteducksoftware_flock,True
source_scope_difference_or_mixed,treatment,PostHog/posthog,2025-03,cognitive_complexity,exact_match,ncloc_different,ecdaddcfaf15967165806e2cd4f9bc0cfb40f0e1,ecdaddcfaf15967165806e2cd4f9bc0cfb40f0e1,69652.0,71936.0,2284.0,2284.0,1,1,1.0,positive,../treatment-repos/PostHog_posthog,True
source_scope_difference_or_mixed,treatment,PostHog/posthog,2025-04,static_analysis_warnings,exact_match,ncloc_different,08f147eb9879e899fb7939f4b9413c86164ba7f9,08f147eb9879e899fb7939f4b9413c86164ba7f9,11374.0,13652.0,2278.0,2278.0,1,1,2.0,positive,../treatment-repos/PostHog_posthog,True
source_scope_difference_or_mixed,treatment,getsentry/sentry,2025-02,code_smells,exact_match,ncloc_close,c4502d06cff34abeb8f58810743fb907ee914348,c4502d06cff34abeb8f58810743fb907ee914348,15845.0,18091.0,2246.0,2246.0,1,1,0.0,positive,../treatment-repos/getsentry_sentry,True
source_scope_difference_or_mixed,treatment,PostHog/posthog,2025-04,code_smells,exact_match,ncloc_different,08f147eb9879e899fb7939f4b9413c86164ba7f9,08f147eb9879e899fb7939f4b9413c86164ba7f9,11012.0,13226.0,2214.0,2214.0,1,1,2.0,positive,../treatment-repos/PostHog_posthog,True
source_scope_difference_or_mixed,treatment,zauberzeug/nicegui,2024-11,bugs,exact_match,ncloc_close,25a633450d1223dcc8f1ad59d260d2e844b5519d,25a633450d1223dcc8f1ad59d260d2e844b5519d,4466.0,2276.0,-2190.0,2190.0,0,0,-4.0,negative,../treatment-repos/zauberzeug_nicegui,True
source_scope_difference_or_mixed,treatment,zauberzeug/nicegui,2025-03,bugs,exact_match,ncloc_close,745167c81c219beda5ebaf850dfb7a3e772f96ac,745167c81c219beda5ebaf850dfb7a3e772f96ac,4466.0,2278.0,-2188.0,2188.0,1,1,0.0,negative,../treatment-repos/zauberzeug_nicegui,True
source_scope_difference_or_mixed,treatment,zauberzeug/nicegui,2025-01,bugs,exact_match,ncloc_close,7a540bf3dded6f1e58d32bf21a97d9a5c013afc1,7a540bf3dded6f1e58d32bf21a97d9a5c013afc1,4466.0,2278.0,-2188.0,2188.0,0,0,-2.0,negative,../treatment-repos/zauberzeug_nicegui,True
source_scope_difference_or_mixed,treatment,zauberzeug/nicegui,2025-02,bugs,exact_match,ncloc_close,b71074ef73498f532234a837ea04a08ffbf4e804,b71074ef73498f532234a837ea04a08ffbf4e804,4466.0,2278.0,-2188.0,2188.0,0,0,-1.0,negative,../treatment-repos/zauberzeug_nicegui,True
source_scope_difference_or_mixed,treatment,zauberzeug/nicegui,2024-12,bugs,exact_match,ncloc_close,343dc0da8de0cf2f645cf8b5d76f5b439cb817f3,343dc0da8de0cf2f645cf8b5d76f5b439cb817f3,4466.0,2278.0,-2188.0,2188.0,0,0,-3.0,negative,../treatment-repos/zauberzeug_nicegui,True
source_scope_difference_or_mixed,treatment,zauberzeug/nicegui,2025-08,bugs,exact_match,ncloc_close,47a9542199eda065b82bfefe2f159323621d3d38,47a9542199eda065b82bfefe2f159323621d3d38,2688.0,601.0,-2087.0,2087.0,1,1,5.0,negative,../treatment-repos/zauberzeug_nicegui,True
source_scope_difference_or_mixed,treatment,zauberzeug/nicegui,2025-06,bugs,exact_match,ncloc_close,b3ea0df4e3b73a6e9e8f8fa57b8c052deb8f3694,b3ea0df4e3b73a6e9e8f8fa57b8c052deb8f3694,2688.0,602.0,-2086.0,2086.0,1,1,3.0,negative,../treatment-repos/zauberzeug_nicegui,True
source_scope_difference_or_mixed,treatment,zauberzeug/nicegui,2025-07,bugs,exact_match,ncloc_close,30a70325d55e110b87a6279664e6b7987ceb2067,30a70325d55e110b87a6279664e6b7987ceb2067,2688.0,602.0,-2086.0,2086.0,1,1,4.0,negative,../treatment-repos/zauberzeug_nicegui,True
source_scope_difference_or_mixed,treatment,zauberzeug/nicegui,2025-05,bugs,exact_match,ncloc_close,947772d66c6d108a7d12fe65b8b76f6110f7d20e,947772d66c6d108a7d12fe65b8b76f6110f7d20e,2688.0,602.0,-2086.0,2086.0,1,1,2.0,negative,../treatment-repos/zauberzeug_nicegui,True
source_scope_difference_or_mixed,treatment,zauberzeug/nicegui,2025-05,static_analysis_warnings,exact_match,ncloc_close,947772d66c6d108a7d12fe65b8b76f6110f7d20e,947772d66c6d108a7d12fe65b8b76f6110f7d20e,23403.0,25429.0,2026.0,2026.0,1,1,2.0,positive,../treatment-repos/zauberzeug_nicegui,True
source_scope_difference_or_mixed,treatment,zauberzeug/nicegui,2025-07,static_analysis_warnings,exact_match,ncloc_close,30a70325d55e110b87a6279664e6b7987ceb2067,30a70325d55e110b87a6279664e6b7987ceb2067,23421.0,25445.0,2024.0,2024.0,1,1,4.0,positive,../treatment-repos/zauberzeug_nicegui,True
source_scope_difference_or_mixed,treatment,zauberzeug/nicegui,2025-08,static_analysis_warnings,exact_match,ncloc_close,47a9542199eda065b82bfefe2f159323621d3d38,47a9542199eda065b82bfefe2f159323621d3d38,23423.0,25446.0,2023.0,2023.0,1,1,5.0,positive,../treatment-repos/zauberzeug_nicegui,True
source_scope_difference_or_mixed,treatment,zauberzeug/nicegui,2025-06,static_analysis_warnings,exact_match,ncloc_close,b3ea0df4e3b73a6e9e8f8fa57b8c052deb8f3694,b3ea0df4e3b73a6e9e8f8fa57b8c052deb8f3694,23405.0,25428.0,2023.0,2023.0,1,1,3.0,positive,../treatment-repos/zauberzeug_nicegui,True
source_scope_difference_or_mixed,treatment,PostHog/posthog,2025-05,static_analysis_warnings,exact_match,ncloc_different,fa2cab6b204f2efeabb5c5bbc1d35ff23c91ec8b,fa2cab6b204f2efeabb5c5bbc1d35ff23c91ec8b,12392.0,14272.0,1880.0,1880.0,1,1,3.0,positive,../treatment-repos/PostHog_posthog,True
rule_config_analyzer_profile_signal,control,PennyLaneAI/catalyst,2025-08,technical_debt,exact_match,ncloc_identical,0150699ff9adda89142bf65e2600619d61f6d55a,0150699ff9adda89142bf65e2600619d61f6d55a,3447.0,1599.0,-1848.0,1848.0,0,0,,negative,../control-repos/PennyLaneAI_catalyst,True
source_scope_difference_or_mixed,treatment,PostHog/posthog,2025-05,code_smells,exact_match,ncloc_different,fa2cab6b204f2efeabb5c5bbc1d35ff23c91ec8b,fa2cab6b204f2efeabb5c5bbc1d35ff23c91ec8b,11978.0,13825.0,1847.0,1847.0,1,1,3.0,positive,../treatment-repos/PostHog_posthog,True
source_scope_difference_or_mixed,treatment,PostHog/posthog,2025-02,cognitive_complexity,exact_match,ncloc_different,e6cdfed56138f74a1e8bcac05f60036d96ab9a6a,e6cdfed56138f74a1e8bcac05f60036d96ab9a6a,65955.0,67802.0,1847.0,1847.0,1,1,0.0,positive,../treatment-repos/PostHog_posthog,True
source_scope_difference_or_mixed,treatment,getsentry/sentry,2025-02,static_analysis_warnings,exact_match,ncloc_close,c4502d06cff34abeb8f58810743fb907ee914348,c4502d06cff34abeb8f58810743fb907ee914348,16665.0,18500.0,1835.0,1835.0,1,1,0.0,positive,../treatment-repos/getsentry_sentry,True
commit_selection_difference,control,PennyLaneAI/catalyst,2025-07,technical_debt,mismatch,,0aa4fab8450c1c8f0d5baeeb48b8cef919b155f5,4f4b01a142d5224279c4d0fcd6b944fcc80b343b,3398.0,1612.0,-1786.0,1786.0,0,0,,negative,../control-repos/PennyLaneAI_catalyst,True
rule_config_analyzer_profile_signal,control,PennyLaneAI/catalyst,2025-06,technical_debt,exact_match,ncloc_identical,f43af48a983a734ca863a04362b99176d506bcb8,f43af48a983a734ca863a04362b99176d506bcb8,3381.0,1614.0,-1767.0,1767.0,0,0,,negative,../control-repos/PennyLaneAI_catalyst,True
source_scope_difference_or_mixed,treatment,PostHog/posthog,2025-03,static_analysis_warnings,exact_match,ncloc_different,ecdaddcfaf15967165806e2cd4f9bc0cfb40f0e1,ecdaddcfaf15967165806e2cd4f9bc0cfb40f0e1,11359.0,13094.0,1735.0,1735.0,1,1,1.0,positive,../treatment-repos/PostHog_posthog,True
source_scope_difference_or_mixed,treatment,zauberzeug/nicegui,2024-06,bugs,exact_match,ncloc_close,462af82d7027979fe68e7245b772c2c6cdbe7d94,462af82d7027979fe68e7245b772c2c6cdbe7d94,2206.0,474.0,-1732.0,1732.0,0,0,-9.0,negative,../treatment-repos/zauberzeug_nicegui,True
source_scope_difference_or_mixed,treatment,zauberzeug/nicegui,2024-04,bugs,exact_match,ncloc_close,1bce2bad367d5baf842badb51a0d78c8543a49ef,1bce2bad367d5baf842badb51a0d78c8543a49ef,2205.0,473.0,-1732.0,1732.0,0,0,-11.0,negative,../treatment-repos/zauberzeug_nicegui,True
source_scope_difference_or_mixed,treatment,zauberzeug/nicegui,2024-01,bugs,exact_match,ncloc_close,f4c57a962f8cc96085eb41860c1346da77228824,f4c57a962f8cc96085eb41860c1346da77228824,2203.0,471.0,-1732.0,1732.0,0,0,-14.0,negative,../treatment-repos/zauberzeug_nicegui,True
source_scope_difference_or_mixed,treatment,zauberzeug/nicegui,2024-05,bugs,exact_match,ncloc_close,92a0cf0fdaee28ffba8329483e55f2a5d5c529fe,92a0cf0fdaee28ffba8329483e55f2a5d5c529fe,2205.0,473.0,-1732.0,1732.0,0,0,-10.0,negative,../treatment-repos/zauberzeug_nicegui,True
commit_selection_difference,treatment,zauberzeug/nicegui,2024-02,bugs,mismatch,,38fcfe13fd8e5b297a8cb12aa357f94ad3d84eda,4a0c1c874fc3b56c4f2dc400a4367a71df5a66fe,2204.0,472.0,-1732.0,1732.0,0,0,-13.0,negative,../treatment-repos/zauberzeug_nicegui,True
source_scope_difference_or_mixed,treatment,zauberzeug/nicegui,2024-07,bugs,exact_match,ncloc_close,b0bc2078fb1e70607879d82ce96e3a488bc41f69,b0bc2078fb1e70607879d82ce96e3a488bc41f69,2206.0,474.0,-1732.0,1732.0,0,0,-8.0,negative,../treatment-repos/zauberzeug_nicegui,True
source_scope_difference_or_mixed,treatment,zauberzeug/nicegui,2024-03,bugs,exact_match,ncloc_close,fff7b27eea91bf2b3d3f3080f0919c3ac62978b8,fff7b27eea91bf2b3d3f3080f0919c3ac62978b8,2204.0,472.0,-1732.0,1732.0,0,0,-12.0,negative,../treatment-repos/zauberzeug_nicegui,True
source_scope_difference_or_mixed,treatment,PostHog/posthog,2025-03,code_smells,exact_match,ncloc_different,ecdaddcfaf15967165806e2cd4f9bc0cfb40f0e1,ecdaddcfaf15967165806e2cd4f9bc0cfb40f0e1,10997.0,12690.0,1693.0,1693.0,1,1,1.0,positive,../treatment-repos/PostHog_posthog,True
source_scope_difference_or_mixed,treatment,PostHog/posthog,2025-02,static_analysis_warnings,exact_match,ncloc_different,e6cdfed56138f74a1e8bcac05f60036d96ab9a6a,e6cdfed56138f74a1e8bcac05f60036d96ab9a6a,10999.0,12689.0,1690.0,1690.0,1,1,0.0,positive,../treatment-repos/PostHog_posthog,True
source_scope_difference_or_mixed,treatment,PostHog/posthog,2025-02,code_smells,exact_match,ncloc_different,e6cdfed56138f74a1e8bcac05f60036d96ab9a6a,e6cdfed56138f74a1e8bcac05f60036d96ab9a6a,10641.0,12286.0,1645.0,1645.0,1,1,0.0,positive,../treatment-repos/PostHog_posthog,True
source_scope_difference_or_mixed,treatment,zauberzeug/nicegui,2024-07,static_analysis_warnings,exact_match,ncloc_close,b0bc2078fb1e70607879d82ce96e3a488bc41f69,b0bc2078fb1e70607879d82ce96e3a488bc41f69,21558.0,23199.0,1641.0,1641.0,0,0,-8.0,positive,../treatment-repos/zauberzeug_nicegui,True
source_scope_difference_or_mixed,treatment,zauberzeug/nicegui,2024-06,static_analysis_warnings,exact_match,ncloc_close,462af82d7027979fe68e7245b772c2c6cdbe7d94,462af82d7027979fe68e7245b772c2c6cdbe7d94,21558.0,23196.0,1638.0,1638.0,0,0,-9.0,positive,../treatment-repos/zauberzeug_nicegui,True
source_scope_difference_or_mixed,treatment,PostHog/posthog,2025-08,code_smells,exact_match,ncloc_different,79cf381322842888a721905c09490e85f98a5a2a,79cf381322842888a721905c09490e85f98a5a2a,13795.0,15432.0,1637.0,1637.0,1,1,6.0,positive,../treatment-repos/PostHog_posthog,True
source_scope_difference_or_mixed,treatment,zauberzeug/nicegui,2024-05,static_analysis_warnings,exact_match,ncloc_close,92a0cf0fdaee28ffba8329483e55f2a5d5c529fe,92a0cf0fdaee28ffba8329483e55f2a5d5c529fe,21555.0,23188.0,1633.0,1633.0,0,0,-10.0,positive,../treatment-repos/zauberzeug_nicegui,True
source_scope_difference_or_mixed,treatment,zauberzeug/nicegui,2024-04,static_analysis_warnings,exact_match,ncloc_close,1bce2bad367d5baf842badb51a0d78c8543a49ef,1bce2bad367d5baf842badb51a0d78c8543a49ef,21548.0,23178.0,1630.0,1630.0,0,0,-11.0,positive,../treatment-repos/zauberzeug_nicegui,True
source_scope_difference_or_mixed,treatment,zauberzeug/nicegui,2024-03,static_analysis_warnings,exact_match,ncloc_close,fff7b27eea91bf2b3d3f3080f0919c3ac62978b8,fff7b27eea91bf2b3d3f3080f0919c3ac62978b8,21545.0,23169.0,1624.0,1624.0,0,0,-12.0,positive,../treatment-repos/zauberzeug_nicegui,True
source_scope_difference_or_mixed,treatment,PostHog/posthog,2025-08,static_analysis_warnings,exact_match,ncloc_different,79cf381322842888a721905c09490e85f98a5a2a,79cf381322842888a721905c09490e85f98a5a2a,14291.0,15909.0,1618.0,1618.0,1,1,6.0,positive,../treatment-repos/PostHog_posthog,True
rule_config_analyzer_profile_signal,control,PennyLaneAI/catalyst,2025-05,technical_debt,exact_match,ncloc_identical,06db0834814629bbac4bea9188101898cc4b0a91,06db0834814629bbac4bea9188101898cc4b0a91,3162.0,1561.0,-1601.0,1601.0,0,0,,negative,../control-repos/PennyLaneAI_catalyst,True
source_scope_difference_or_mixed,treatment,getsentry/sentry,2024-01,code_smells,exact_match,ncloc_close,8073feb6eac31a856f6a389a1c289430b35e3589,8073feb6eac31a856f6a389a1c289430b35e3589,12963.0,14562.0,1599.0,1599.0,0,0,-13.0,positive,../treatment-repos/getsentry_sentry,True
commit_selection_difference,treatment,zauberzeug/nicegui,2024-02,static_analysis_warnings,mismatch,,38fcfe13fd8e5b297a8cb12aa357f94ad3d84eda,4a0c1c874fc3b56c4f2dc400a4367a71df5a66fe,21529.0,23120.0,1591.0,1591.0,0,0,-13.0,positive,../treatment-repos/zauberzeug_nicegui,True
source_scope_difference_or_mixed,treatment,PostHog/posthog,2025-01,static_analysis_warnings,exact_match,ncloc_different,1253d960c415d65583dac034353702ad74016da1,1253d960c415d65583dac034353702ad74016da1,10069.0,11651.0,1582.0,1582.0,0,0,-1.0,positive,../treatment-repos/PostHog_posthog,True
source_scope_difference_or_mixed,treatment,PostHog/posthog,2025-01,cognitive_complexity,exact_match,ncloc_different,1253d960c415d65583dac034353702ad74016da1,1253d960c415d65583dac034353702ad74016da1,60692.0,62265.0,1573.0,1573.0,0,0,-1.0,positive,../treatment-repos/PostHog_posthog,True
commit_selection_difference,treatment,PostHog/posthog,2025-07,static_analysis_warnings,mismatch,,0208352822068d8747214c905d729dff4ebe49f1,8e13bf3cbfe9684eb907f7ddf706aa9fae2099e0,13496.0,15066.0,1570.0,1570.0,1,1,5.0,positive,../treatment-repos/PostHog_posthog,True
commit_selection_difference,treatment,PostHog/posthog,2025-07,code_smells,mismatch,,0208352822068d8747214c905d729dff4ebe49f1,8e13bf3cbfe9684eb907f7ddf706aa9fae2099e0,13058.0,14625.0,1567.0,1567.0,1,1,5.0,positive,../treatment-repos/PostHog_posthog,True
source_scope_difference_or_mixed,treatment,getsentry/sentry,2025-06,code_smells,exact_match,ncloc_close,4f2be477198bf2814c6d6cd4b80ba19cbe386908,4f2be477198bf2814c6d6cd4b80ba19cbe386908,17537.0,19091.0,1554.0,1554.0,1,1,4.0,positive,../treatment-repos/getsentry_sentry,True
rule_config_analyzer_profile_signal,control,PennyLaneAI/catalyst,2025-03,technical_debt,exact_match,ncloc_identical,d5329df09ed618392f858c17160e1d7833a2588c,d5329df09ed618392f858c17160e1d7833a2588c,3046.0,1498.0,-1548.0,1548.0,0,0,,negative,../control-repos/PennyLaneAI_catalyst,True
source_scope_difference_or_mixed,treatment,getsentry/sentry,2025-01,code_smells,exact_match,ncloc_close,d210118fce94310ef5858d51efe16ee26c995a48,d210118fce94310ef5858d51efe16ee26c995a48,15211.0,16757.0,1546.0,1546.0,0,0,-1.0,positive,../treatment-repos/getsentry_sentry,True
rule_config_analyzer_profile_signal,control,PennyLaneAI/catalyst,2025-02,technical_debt,exact_match,ncloc_identical,f4f4105451484b80b4fb3f71dc41ff395c188cce,f4f4105451484b80b4fb3f71dc41ff395c188cce,3018.0,1480.0,-1538.0,1538.0,0,0,,negative,../control-repos/PennyLaneAI_catalyst,True
source_scope_difference_or_mixed,treatment,PostHog/posthog,2025-06,static_analysis_warnings,exact_match,ncloc_different,bf87ddcb0e02027bb8c1e7a1aa2e03f0c4312e90,bf87ddcb0e02027bb8c1e7a1aa2e03f0c4312e90,13064.0,14584.0,1520.0,1520.0,1,1,4.0,positive,../treatment-repos/PostHog_posthog,True
rule_config_analyzer_profile_signal,control,PennyLaneAI/catalyst,2025-01,technical_debt,exact_match,ncloc_identical,d7391b2a18820e80af59095204f668f1758e2278,d7391b2a18820e80af59095204f668f1758e2278,2972.0,1465.0,-1507.0,1507.0,0,0,,negative,../control-repos/PennyLaneAI_catalyst,True
source_scope_difference_or_mixed,treatment,zauberzeug/nicegui,2024-01,static_analysis_warnings,exact_match,ncloc_close,f4c57a962f8cc96085eb41860c1346da77228824,f4c57a962f8cc96085eb41860c1346da77228824,21438.0,22943.0,1505.0,1505.0,0,0,-14.0,positive,../treatment-repos/zauberzeug_nicegui,True
source_scope_difference_or_mixed,treatment,PostHog/posthog,2024-12,cognitive_complexity,exact_match,ncloc_different,3aa25f3257f981db0b7e8b5411dc209b66c6f4c2,3aa25f3257f981db0b7e8b5411dc209b66c6f4c2,57995.0,59474.0,1479.0,1479.0,0,0,-2.0,positive,../treatment-repos/PostHog_posthog,True
source_scope_difference_or_mixed,treatment,PostHog/posthog,2024-11,cognitive_complexity,exact_match,ncloc_different,b4d51e3b746e6174a7d60c525ea22387f00dcafe,b4d51e3b746e6174a7d60c525ea22387f00dcafe,55625.0,57075.0,1450.0,1450.0,0,0,-3.0,positive,../treatment-repos/PostHog_posthog,True
paper_commit_missing,treatment,cgevans/qslib,2025-05,cognitive_complexity,paper_commit_missing,,,d02b38180d3a4f06775d13e613b0f382447d7c6b,1573.0,127.0,-1446.0,1446.0,1,1,3.0,negative,../treatment-repos/cgevans_qslib,True
source_scope_difference_or_mixed,treatment,getsentry/sentry,2024-01,static_analysis_warnings,exact_match,ncloc_close,8073feb6eac31a856f6a389a1c289430b35e3589,8073feb6eac31a856f6a389a1c289430b35e3589,13629.0,14940.0,1311.0,1311.0,0,0,-13.0,positive,../treatment-repos/getsentry_sentry,True
source_scope_difference_or_mixed,treatment,PostHog/posthog,2024-10,cognitive_complexity,exact_match,ncloc_different,12ff477551dfc5a197aca3006e14e4193183dbd8,12ff477551dfc5a197aca3006e14e4193183dbd8,51579.0,52874.0,1295.0,1295.0,0,0,-4.0,positive,../treatment-repos/PostHog_posthog,True
paper_commit_missing,treatment,cgevans/qslib,2025-05,technical_debt,paper_commit_missing,,,d02b38180d3a4f06775d13e613b0f382447d7c6b,1273.0,6.0,-1267.0,1267.0,1,1,3.0,negative,../treatment-repos/cgevans_qslib,True
source_scope_difference_or_mixed,treatment,cgevans/qslib,2025-02,cognitive_complexity,exact_match,ncloc_different,f231361a93b274928e71ff2cb06bee91e0bb2c11,f231361a93b274928e71ff2cb06bee91e0bb2c11,1646.0,398.0,-1248.0,1248.0,1,1,0.0,negative,../treatment-repos/cgevans_qslib,True
source_scope_difference_or_mixed,control,lancedb/lancedb,2025-06,cognitive_complexity,exact_match,ncloc_different,1dadb2aefa8c7e20098f8bdd4fad45383a8ebab7,1dadb2aefa8c7e20098f8bdd4fad45383a8ebab7,2575.0,3647.0,1072.0,1072.0,0,0,,positive,../control-repos/lancedb_lancedb,True
source_scope_difference_or_mixed,control,lancedb/lancedb,2025-07,cognitive_complexity,exact_match,ncloc_different,c7afa724ddf1a3a5ff0633edc75c93570b9a5689,c7afa724ddf1a3a5ff0633edc75c93570b9a5689,2618.0,3684.0,1066.0,1066.0,0,0,,positive,../control-repos/lancedb_lancedb,True
source_scope_difference_or_mixed,control,lancedb/lancedb,2025-05,cognitive_complexity,exact_match,ncloc_different,0525c055fcc6b25297084bdaddc072d206345df1,0525c055fcc6b25297084bdaddc072d206345df1,2529.0,3572.0,1043.0,1043.0,0,0,,positive,../control-repos/lancedb_lancedb,True
source_scope_difference_or_mixed,control,lancedb/lancedb,2025-08,cognitive_complexity,exact_match,ncloc_different,47747287b616d4a2f1dd14f811f218e3caee7f8d,47747287b616d4a2f1dd14f811f218e3caee7f8d,2432.0,3463.0,1031.0,1031.0,0,0,,positive,../control-repos/lancedb_lancedb,True
source_scope_difference_or_mixed,control,lancedb/lancedb,2025-04,cognitive_complexity,exact_match,ncloc_different,3cc670ac3860bb9990d89f61d9b1644b0e4c658f,3cc670ac3860bb9990d89f61d9b1644b0e4c658f,2506.0,3484.0,978.0,978.0,0,0,,positive,../control-repos/lancedb_lancedb,True
source_scope_difference_or_mixed,treatment,PostHog/posthog,2024-09,cognitive_complexity,exact_match,ncloc_different,761c6ce0ab4db14ddede62cb61b6d6854dff7ea7,761c6ce0ab4db14ddede62cb61b6d6854dff7ea7,49984.0,50942.0,958.0,958.0,0,0,-5.0,positive,../treatment-repos/PostHog_posthog,True
commit_selection_difference,treatment,whiteducksoftware/flock,2025-08,technical_debt,mismatch,,990a68cac2f293d51d8c8c666a5edc165cd69bbc,88b363080e95e8bdd87e32924216febb6cb5e4c7,3907.0,4780.0,873.0,873.0,1,1,5.0,positive,../treatment-repos/whiteducksoftware_flock,True
source_scope_difference_or_mixed,control,lancedb/lancedb,2025-03,cognitive_complexity,exact_match,ncloc_different,e59f9382a0de2f70b931373b29a11a27824bf639,e59f9382a0de2f70b931373b29a11a27824bf639,2411.0,3282.0,871.0,871.0,0,0,,positive,../control-repos/lancedb_lancedb,True
commit_selection_difference,treatment,whiteducksoftware/flock,2025-05,technical_debt,mismatch,,8e542bb4c8252648f6a7705a46124a8e76a4e19c,c60e12a13b66d7f9b7c92f42c2681e331c8ed31d,3869.0,4673.0,804.0,804.0,1,1,2.0,positive,../treatment-repos/whiteducksoftware_flock,True
commit_selection_difference,treatment,whiteducksoftware/flock,2025-06,technical_debt,mismatch,,1e82eb29281c426f81723a19f28c2b8302cf75ce,db5e65e61bdb943cae439f796be085c5a8218a3c,3869.0,4647.0,778.0,778.0,1,1,3.0,positive,../treatment-repos/whiteducksoftware_flock,True
rule_config_analyzer_profile_signal,control,ysj9909/SHViT,2024-04,static_analysis_warnings,exact_match,ncloc_identical,fee7ce4258e81baf9e929e90f26168d632d186a7,fee7ce4258e81baf9e929e90f26168d632d186a7,47.0,776.0,729.0,729.0,0,0,,positive,../control-repos/ysj9909_SHViT,True
rule_config_analyzer_profile_signal,control,ysj9909/SHViT,2024-06,static_analysis_warnings,exact_match,ncloc_identical,6a729ccf18e0b941714b529638bd3d9bacebcef0,6a729ccf18e0b941714b529638bd3d9bacebcef0,47.0,776.0,729.0,729.0,0,0,,positive,../control-repos/ysj9909_SHViT,True
rule_config_analyzer_profile_signal,control,ysj9909/SHViT,2024-05,static_analysis_warnings,exact_match,ncloc_identical,20819cb8f624e183b1fa2ce941ed18ab8037b07d,20819cb8f624e183b1fa2ce941ed18ab8037b07d,47.0,776.0,729.0,729.0,0,0,,positive,../control-repos/ysj9909_SHViT,True
rule_config_analyzer_profile_signal,control,ysj9909/SHViT,2024-06,code_smells,exact_match,ncloc_identical,6a729ccf18e0b941714b529638bd3d9bacebcef0,6a729ccf18e0b941714b529638bd3d9bacebcef0,47.0,766.0,719.0,719.0,0,0,,positive,../control-repos/ysj9909_SHViT,True
rule_config_analyzer_profile_signal,control,ysj9909/SHViT,2024-04,code_smells,exact_match,ncloc_identical,fee7ce4258e81baf9e929e90f26168d632d186a7,fee7ce4258e81baf9e929e90f26168d632d186a7,47.0,766.0,719.0,719.0,0,0,,positive,../control-repos/ysj9909_SHViT,True
rule_config_analyzer_profile_signal,control,ysj9909/SHViT,2024-05,code_smells,exact_match,ncloc_identical,20819cb8f624e183b1fa2ce941ed18ab8037b07d,20819cb8f624e183b1fa2ce941ed18ab8037b07d,47.0,766.0,719.0,719.0,0,0,,positive,../control-repos/ysj9909_SHViT,True
rule_config_analyzer_profile_signal,control,zhipeixu/FakeShield,2025-03,static_analysis_warnings,exact_match,ncloc_identical,7bd43c8badef7341807e85e55a8b216dac6c2424,7bd43c8badef7341807e85e55a8b216dac6c2424,820.0,1518.0,698.0,698.0,0,0,,positive,../control-repos/zhipeixu_FakeShield,True
rule_config_analyzer_profile_signal,control,zhipeixu/FakeShield,2025-06,static_analysis_warnings,exact_match,ncloc_identical,346cb6c74c9a426c1c00d98b13e5f417161a94c1,346cb6c74c9a426c1c00d98b13e5f417161a94c1,820.0,1518.0,698.0,698.0,0,0,,positive,../control-repos/zhipeixu_FakeShield,True
rule_config_analyzer_profile_signal,control,zhipeixu/FakeShield,2025-02,static_analysis_warnings,exact_match,ncloc_identical,b807b92ac958678bb278e741864ba4b821fb73c1,b807b92ac958678bb278e741864ba4b821fb73c1,820.0,1518.0,698.0,698.0,0,0,,positive,../control-repos/zhipeixu_FakeShield,True
rule_config_analyzer_profile_signal,control,zhipeixu/FakeShield,2025-05,static_analysis_warnings,exact_match,ncloc_identical,c34dab9b8df3dc77d2632344eb0d0af387d0658f,c34dab9b8df3dc77d2632344eb0d0af387d0658f,820.0,1518.0,698.0,698.0,0,0,,positive,../control-repos/zhipeixu_FakeShield,True
rule_config_analyzer_profile_signal,control,zhipeixu/FakeShield,2025-04,static_analysis_warnings,exact_match,ncloc_identical,2910fb826ea20e11c2c2553c36984630216c0bab,2910fb826ea20e11c2c2553c36984630216c0bab,820.0,1518.0,698.0,698.0,0,0,,positive,../control-repos/zhipeixu_FakeShield,True
rule_config_analyzer_profile_signal,control,zhipeixu/FakeShield,2025-02,code_smells,exact_match,ncloc_identical,b807b92ac958678bb278e741864ba4b821fb73c1,b807b92ac958678bb278e741864ba4b821fb73c1,805.0,1484.0,679.0,679.0,0,0,,positive,../control-repos/zhipeixu_FakeShield,True
rule_config_analyzer_profile_signal,control,zhipeixu/FakeShield,2025-03,code_smells,exact_match,ncloc_identical,7bd43c8badef7341807e85e55a8b216dac6c2424,7bd43c8badef7341807e85e55a8b216dac6c2424,805.0,1484.0,679.0,679.0,0,0,,positive,../control-repos/zhipeixu_FakeShield,True
rule_config_analyzer_profile_signal,control,zhipeixu/FakeShield,2025-04,code_smells,exact_match,ncloc_identical,2910fb826ea20e11c2c2553c36984630216c0bab,2910fb826ea20e11c2c2553c36984630216c0bab,805.0,1484.0,679.0,679.0,0,0,,positive,../control-repos/zhipeixu_FakeShield,True
rule_config_analyzer_profile_signal,control,zhipeixu/FakeShield,2025-06,code_smells,exact_match,ncloc_identical,346cb6c74c9a426c1c00d98b13e5f417161a94c1,346cb6c74c9a426c1c00d98b13e5f417161a94c1,805.0,1484.0,679.0,679.0,0,0,,positive,../control-repos/zhipeixu_FakeShield,True
rule_config_analyzer_profile_signal,control,zhipeixu/FakeShield,2025-05,code_smells,exact_match,ncloc_identical,c34dab9b8df3dc77d2632344eb0d0af387d0658f,c34dab9b8df3dc77d2632344eb0d0af387d0658f,805.0,1484.0,679.0,679.0,0,0,,positive,../control-repos/zhipeixu_FakeShield,True
source_scope_difference_or_mixed,treatment,getsentry/sentry,2025-07,bugs,exact_match,ncloc_close,71c2f5f3925610f3aa1871ace1c20f48eeff3db8,71c2f5f3925610f3aa1871ace1c20f48eeff3db8,1054.0,379.0,-675.0,675.0,1,1,5.0,negative,../treatment-repos/getsentry_sentry,True
source_scope_difference_or_mixed,treatment,getsentry/sentry,2025-08,bugs,exact_match,ncloc_close,b9dc9712a91c4dbf3cb1550254113c1599388e57,b9dc9712a91c4dbf3cb1550254113c1599388e57,1044.0,375.0,-669.0,669.0,1,1,6.0,negative,../treatment-repos/getsentry_sentry,True
commit_selection_difference,treatment,PostHog/posthog,2025-07,technical_debt,mismatch,,0208352822068d8747214c905d729dff4ebe49f1,8e13bf3cbfe9684eb907f7ddf706aa9fae2099e0,84796.0,84156.0,-640.0,640.0,1,1,5.0,negative,../treatment-repos/PostHog_posthog,True
source_scope_difference_or_mixed,treatment,getsentry/sentry,2025-06,bugs,exact_match,ncloc_close,4f2be477198bf2814c6d6cd4b80ba19cbe386908,4f2be477198bf2814c6d6cd4b80ba19cbe386908,997.0,369.0,-628.0,628.0,1,1,4.0,negative,../treatment-repos/getsentry_sentry,True
rule_config_analyzer_profile_signal,control,jacebrowning/datafiles,2024-11,static_analysis_warnings,exact_match,ncloc_identical,51ad26394a2b99ed8dfab0bd1538abfca73db233,51ad26394a2b99ed8dfab0bd1538abfca73db233,600.0,43.0,-557.0,557.0,0,0,,negative,../control-repos/jacebrowning_datafiles,True
rule_config_analyzer_profile_signal,control,jacebrowning/datafiles,2024-10,static_analysis_warnings,exact_match,ncloc_identical,46280de29975a61a5d4cd09f36c806a2fb7db769,46280de29975a61a5d4cd09f36c806a2fb7db769,600.0,43.0,-557.0,557.0,0,0,,negative,../control-repos/jacebrowning_datafiles,True
rule_config_analyzer_profile_signal,control,jacebrowning/datafiles,2025-05,static_analysis_warnings,exact_match,ncloc_identical,7516af8388fd968e6b7abbfb0df7d51d658142d2,7516af8388fd968e6b7abbfb0df7d51d658142d2,599.0,43.0,-556.0,556.0,0,0,,negative,../control-repos/jacebrowning_datafiles,True
rule_config_analyzer_profile_signal,control,jacebrowning/datafiles,2025-04,static_analysis_warnings,exact_match,ncloc_identical,e07b38ed8d6e89f0887aa5ec6712934467742b36,e07b38ed8d6e89f0887aa5ec6712934467742b36,599.0,43.0,-556.0,556.0,0,0,,negative,../control-repos/jacebrowning_datafiles,True
rule_config_analyzer_profile_signal,control,jacebrowning/datafiles,2025-06,static_analysis_warnings,exact_match,ncloc_identical,cb3628112394669d5a93a5804f4d6e23cf161eba,cb3628112394669d5a93a5804f4d6e23cf161eba,599.0,43.0,-556.0,556.0,0,0,,negative,../control-repos/jacebrowning_datafiles,True
rule_config_analyzer_profile_signal,control,jacebrowning/datafiles,2025-07,static_analysis_warnings,exact_match,ncloc_identical,a7737126dae693f755013f0fcd11df7867274df6,a7737126dae693f755013f0fcd11df7867274df6,599.0,43.0,-556.0,556.0,0,0,,negative,../control-repos/jacebrowning_datafiles,True
rule_config_analyzer_profile_signal,control,jacebrowning/datafiles,2025-02,static_analysis_warnings,exact_match,ncloc_identical,4c2b99a126d0f7ad8d13f5c55e098b07c3f51045,4c2b99a126d0f7ad8d13f5c55e098b07c3f51045,599.0,43.0,-556.0,556.0,0,0,,negative,../control-repos/jacebrowning_datafiles,True
rule_config_analyzer_profile_signal,control,jacebrowning/datafiles,2024-08,static_analysis_warnings,exact_match,ncloc_identical,03281501945c2ae93ad35c5a618178d65bb2d0d8,03281501945c2ae93ad35c5a618178d65bb2d0d8,597.0,43.0,-554.0,554.0,0,0,,negative,../control-repos/jacebrowning_datafiles,True
rule_config_analyzer_profile_signal,control,jacebrowning/datafiles,2024-07,static_analysis_warnings,exact_match,ncloc_identical,8840d02caab67fec49efe08a7912d1f39949a100,8840d02caab67fec49efe08a7912d1f39949a100,597.0,43.0,-554.0,554.0,0,0,,negative,../control-repos/jacebrowning_datafiles,True
rule_config_analyzer_profile_signal,control,jacebrowning/datafiles,2024-05,static_analysis_warnings,exact_match,ncloc_identical,59566a650f2624f2fc214bd9d8b3c5e7d825da57,59566a650f2624f2fc214bd9d8b3c5e7d825da57,597.0,43.0,-554.0,554.0,0,0,,negative,../control-repos/jacebrowning_datafiles,True
rule_config_analyzer_profile_signal,control,jacebrowning/datafiles,2024-01,static_analysis_warnings,exact_match,ncloc_identical,47ae5be927e7c079ca0b9a6b01b811bf9ffcf9bd,47ae5be927e7c079ca0b9a6b01b811bf9ffcf9bd,595.0,43.0,-552.0,552.0,0,0,,negative,../control-repos/jacebrowning_datafiles,True
rule_config_analyzer_profile_signal,control,jacebrowning/datafiles,2024-03,static_analysis_warnings,exact_match,ncloc_identical,fc623e81f9e7476938a04e191b471aa90dc11d76,fc623e81f9e7476938a04e191b471aa90dc11d76,595.0,43.0,-552.0,552.0,0,0,,negative,../control-repos/jacebrowning_datafiles,True
source_scope_difference_or_mixed,treatment,getsentry/sentry,2024-12,bugs,exact_match,ncloc_close,707f353d2d1933fbf951478c414838f9e5956b38,707f353d2d1933fbf951478c414838f9e5956b38,856.0,394.0,-462.0,462.0,0,0,-2.0,negative,../treatment-repos/getsentry_sentry,True
source_scope_difference_or_mixed,treatment,getsentry/sentry,2024-11,bugs,exact_match,ncloc_close,8e45680a887ec96c50c1f43fffe1ac8f2b6c54aa,8e45680a887ec96c50c1f43fffe1ac8f2b6c54aa,889.0,428.0,-461.0,461.0,0,0,-3.0,negative,../treatment-repos/getsentry_sentry,True
source_scope_difference_or_mixed,treatment,getsentry/sentry,2025-01,bugs,exact_match,ncloc_close,d210118fce94310ef5858d51efe16ee26c995a48,d210118fce94310ef5858d51efe16ee26c995a48,808.0,363.0,-445.0,445.0,0,0,-1.0,negative,../treatment-repos/getsentry_sentry,True
source_scope_difference_or_mixed,treatment,getsentry/sentry,2025-02,bugs,exact_match,ncloc_close,c4502d06cff34abeb8f58810743fb907ee914348,c4502d06cff34abeb8f58810743fb907ee914348,816.0,374.0,-442.0,442.0,1,1,0.0,negative,../treatment-repos/getsentry_sentry,True
source_scope_difference_or_mixed,treatment,getsentry/sentry,2024-10,bugs,exact_match,ncloc_close,ad46b361e2e960136b68f1647b936af1b3f6752a,ad46b361e2e960136b68f1647b936af1b3f6752a,878.0,438.0,-440.0,440.0,0,0,-4.0,negative,../treatment-repos/getsentry_sentry,True
source_scope_difference_or_mixed,treatment,getsentry/sentry,2024-09,bugs,exact_match,ncloc_close,6c6024b9d8999b88166c60580a677d809252fc04,6c6024b9d8999b88166c60580a677d809252fc04,842.0,418.0,-424.0,424.0,0,0,-5.0,negative,../treatment-repos/getsentry_sentry,True
rule_config_analyzer_profile_signal,control,PennyLaneAI/catalyst,2025-08,static_analysis_warnings,exact_match,ncloc_identical,0150699ff9adda89142bf65e2600619d61f6d55a,0150699ff9adda89142bf65e2600619d61f6d55a,715.0,300.0,-415.0,415.0,0,0,,negative,../control-repos/PennyLaneAI_catalyst,True
commit_selection_difference,control,PennyLaneAI/catalyst,2025-07,static_analysis_warnings,mismatch,,0aa4fab8450c1c8f0d5baeeb48b8cef919b155f5,4f4b01a142d5224279c4d0fcd6b944fcc80b343b,702.0,302.0,-400.0,400.0,0,0,,negative,../control-repos/PennyLaneAI_catalyst,True
rule_config_analyzer_profile_signal,control,PennyLaneAI/catalyst,2025-06,static_analysis_warnings,exact_match,ncloc_identical,f43af48a983a734ca863a04362b99176d506bcb8,f43af48a983a734ca863a04362b99176d506bcb8,703.0,304.0,-399.0,399.0,0,0,,negative,../control-repos/PennyLaneAI_catalyst,True
rule_config_analyzer_profile_signal,control,PennyLaneAI/catalyst,2025-05,static_analysis_warnings,exact_match,ncloc_identical,06db0834814629bbac4bea9188101898cc4b0a91,06db0834814629bbac4bea9188101898cc4b0a91,676.0,297.0,-379.0,379.0,0,0,,negative,../control-repos/PennyLaneAI_catalyst,True
rule_config_analyzer_profile_signal,control,PennyLaneAI/catalyst,2025-08,code_smells,exact_match,ncloc_identical,0150699ff9adda89142bf65e2600619d61f6d55a,0150699ff9adda89142bf65e2600619d61f6d55a,665.0,291.0,-374.0,374.0,0,0,,negative,../control-repos/PennyLaneAI_catalyst,True
commit_selection_difference,control,PennyLaneAI/catalyst,2025-07,code_smells,mismatch,,0aa4fab8450c1c8f0d5baeeb48b8cef919b155f5,4f4b01a142d5224279c4d0fcd6b944fcc80b343b,655.0,293.0,-362.0,362.0,0,0,,negative,../control-repos/PennyLaneAI_catalyst,True
rule_config_analyzer_profile_signal,control,PennyLaneAI/catalyst,2025-06,code_smells,exact_match,ncloc_identical,f43af48a983a734ca863a04362b99176d506bcb8,f43af48a983a734ca863a04362b99176d506bcb8,656.0,295.0,-361.0,361.0,0,0,,negative,../control-repos/PennyLaneAI_catalyst,True
rule_config_analyzer_profile_signal,control,PennyLaneAI/catalyst,2025-05,code_smells,exact_match,ncloc_identical,06db0834814629bbac4bea9188101898cc4b0a91,06db0834814629bbac4bea9188101898cc4b0a91,631.0,288.0,-343.0,343.0,0,0,,negative,../control-repos/PennyLaneAI_catalyst,True
rule_config_analyzer_profile_signal,control,jacebrowning/datafiles,2024-11,bugs,exact_match,ncloc_identical,51ad26394a2b99ed8dfab0bd1538abfca73db233,51ad26394a2b99ed8dfab0bd1538abfca73db233,340.0,2.0,-338.0,338.0,0,0,,negative,../control-repos/jacebrowning_datafiles,True
rule_config_analyzer_profile_signal,control,jacebrowning/datafiles,2025-05,bugs,exact_match,ncloc_identical,7516af8388fd968e6b7abbfb0df7d51d658142d2,7516af8388fd968e6b7abbfb0df7d51d658142d2,340.0,2.0,-338.0,338.0,0,0,,negative,../control-repos/jacebrowning_datafiles,True
rule_config_analyzer_profile_signal,control,jacebrowning/datafiles,2025-02,bugs,exact_match,ncloc_identical,4c2b99a126d0f7ad8d13f5c55e098b07c3f51045,4c2b99a126d0f7ad8d13f5c55e098b07c3f51045,340.0,2.0,-338.0,338.0,0,0,,negative,../control-repos/jacebrowning_datafiles,True
rule_config_analyzer_profile_signal,control,jacebrowning/datafiles,2025-04,bugs,exact_match,ncloc_identical,e07b38ed8d6e89f0887aa5ec6712934467742b36,e07b38ed8d6e89f0887aa5ec6712934467742b36,340.0,2.0,-338.0,338.0,0,0,,negative,../control-repos/jacebrowning_datafiles,True
rule_config_analyzer_profile_signal,control,jacebrowning/datafiles,2025-06,bugs,exact_match,ncloc_identical,cb3628112394669d5a93a5804f4d6e23cf161eba,cb3628112394669d5a93a5804f4d6e23cf161eba,340.0,2.0,-338.0,338.0,0,0,,negative,../control-repos/jacebrowning_datafiles,True
rule_config_analyzer_profile_signal,control,jacebrowning/datafiles,2024-10,bugs,exact_match,ncloc_identical,46280de29975a61a5d4cd09f36c806a2fb7db769,46280de29975a61a5d4cd09f36c806a2fb7db769,340.0,2.0,-338.0,338.0,0,0,,negative,../control-repos/jacebrowning_datafiles,True
rule_config_analyzer_profile_signal,control,jacebrowning/datafiles,2025-07,bugs,exact_match,ncloc_identical,a7737126dae693f755013f0fcd11df7867274df6,a7737126dae693f755013f0fcd11df7867274df6,340.0,2.0,-338.0,338.0,0,0,,negative,../control-repos/jacebrowning_datafiles,True
rule_config_analyzer_profile_signal,control,jacebrowning/datafiles,2024-05,bugs,exact_match,ncloc_identical,59566a650f2624f2fc214bd9d8b3c5e7d825da57,59566a650f2624f2fc214bd9d8b3c5e7d825da57,339.0,2.0,-337.0,337.0,0,0,,negative,../control-repos/jacebrowning_datafiles,True
rule_config_analyzer_profile_signal,control,jacebrowning/datafiles,2024-08,bugs,exact_match,ncloc_identical,03281501945c2ae93ad35c5a618178d65bb2d0d8,03281501945c2ae93ad35c5a618178d65bb2d0d8,339.0,2.0,-337.0,337.0,0,0,,negative,../control-repos/jacebrowning_datafiles,True
rule_config_analyzer_profile_signal,control,jacebrowning/datafiles,2024-07,bugs,exact_match,ncloc_identical,8840d02caab67fec49efe08a7912d1f39949a100,8840d02caab67fec49efe08a7912d1f39949a100,339.0,2.0,-337.0,337.0,0,0,,negative,../control-repos/jacebrowning_datafiles,True
rule_config_analyzer_profile_signal,control,jacebrowning/datafiles,2024-03,bugs,exact_match,ncloc_identical,fc623e81f9e7476938a04e191b471aa90dc11d76,fc623e81f9e7476938a04e191b471aa90dc11d76,338.0,2.0,-336.0,336.0,0,0,,negative,../control-repos/jacebrowning_datafiles,True
rule_config_analyzer_profile_signal,control,jacebrowning/datafiles,2024-01,bugs,exact_match,ncloc_identical,47ae5be927e7c079ca0b9a6b01b811bf9ffcf9bd,47ae5be927e7c079ca0b9a6b01b811bf9ffcf9bd,338.0,2.0,-336.0,336.0,0,0,,negative,../control-repos/jacebrowning_datafiles,True
rule_config_analyzer_profile_signal,control,PennyLaneAI/catalyst,2025-03,code_smells,exact_match,ncloc_identical,d5329df09ed618392f858c17160e1d7833a2588c,d5329df09ed618392f858c17160e1d7833a2588c,610.0,283.0,-327.0,327.0,0,0,,negative,../control-repos/PennyLaneAI_catalyst,True
rule_config_analyzer_profile_signal,control,PennyLaneAI/catalyst,2025-01,code_smells,exact_match,ncloc_identical,d7391b2a18820e80af59095204f668f1758e2278,d7391b2a18820e80af59095204f668f1758e2278,597.0,275.0,-322.0,322.0,0,0,,negative,../control-repos/PennyLaneAI_catalyst,True
rule_config_analyzer_profile_signal,control,PennyLaneAI/catalyst,2025-02,code_smells,exact_match,ncloc_identical,f4f4105451484b80b4fb3f71dc41ff395c188cce,f4f4105451484b80b4fb3f71dc41ff395c188cce,600.0,278.0,-322.0,322.0,0,0,,negative,../control-repos/PennyLaneAI_catalyst,True
rule_config_analyzer_profile_signal,control,PennyLaneAI/catalyst,2024-12,code_smells,exact_match,ncloc_identical,4ab437d35491088597bb6f2e4261bab3c3cedc2b,4ab437d35491088597bb6f2e4261bab3c3cedc2b,619.0,297.0,-322.0,322.0,0,0,,negative,../control-repos/PennyLaneAI_catalyst,True
paper_commit_missing,treatment,cgevans/qslib,2025-05,static_analysis_warnings,paper_commit_missing,,,d02b38180d3a4f06775d13e613b0f382447d7c6b,227.0,1.0,-226.0,226.0,1,1,3.0,negative,../treatment-repos/cgevans_qslib,True
paper_commit_missing,treatment,cgevans/qslib,2025-05,code_smells,paper_commit_missing,,,d02b38180d3a4f06775d13e613b0f382447d7c6b,209.0,1.0,-208.0,208.0,1,1,3.0,negative,../treatment-repos/cgevans_qslib,True
