source_group,repo_name,time,commit_match_status,paper_latest_commit,our_latest_commit,ncloc_scope_status,metric,paper_value,our_value,diff,abs_diff
control,ysj9909/SHViT,2024-04,exact_match,fee7ce4258e81baf9e929e90f26168d632d186a7,fee7ce4258e81baf9e929e90f26168d632d186a7,ncloc_identical,code_smells,47.0,766.0,719.0,719.0
control,ysj9909/SHViT,2024-05,exact_match,20819cb8f624e183b1fa2ce941ed18ab8037b07d,20819cb8f624e183b1fa2ce941ed18ab8037b07d,ncloc_identical,code_smells,47.0,766.0,719.0,719.0
control,ysj9909/SHViT,2024-06,exact_match,6a729ccf18e0b941714b529638bd3d9bacebcef0,6a729ccf18e0b941714b529638bd3d9bacebcef0,ncloc_identical,code_smells,47.0,766.0,719.0,719.0
control,zhipeixu/FakeShield,2025-05,exact_match,c34dab9b8df3dc77d2632344eb0d0af387d0658f,c34dab9b8df3dc77d2632344eb0d0af387d0658f,ncloc_identical,code_smells,805.0,1484.0,679.0,679.0
control,zhipeixu/FakeShield,2025-02,exact_match,b807b92ac958678bb278e741864ba4b821fb73c1,b807b92ac958678bb278e741864ba4b821fb73c1,ncloc_identical,code_smells,805.0,1484.0,679.0,679.0
control,zhipeixu/FakeShield,2025-04,exact_match,2910fb826ea20e11c2c2553c36984630216c0bab,2910fb826ea20e11c2c2553c36984630216c0bab,ncloc_identical,code_smells,805.0,1484.0,679.0,679.0
control,zhipeixu/FakeShield,2025-06,exact_match,346cb6c74c9a426c1c00d98b13e5f417161a94c1,346cb6c74c9a426c1c00d98b13e5f417161a94c1,ncloc_identical,code_smells,805.0,1484.0,679.0,679.0
control,zhipeixu/FakeShield,2025-03,exact_match,7bd43c8badef7341807e85e55a8b216dac6c2424,7bd43c8badef7341807e85e55a8b216dac6c2424,ncloc_identical,code_smells,805.0,1484.0,679.0,679.0
treatment,keephq/keep,2024-07,exact_match,bd626be9f9760d7665d906f637467f8b811175d3,bd626be9f9760d7665d906f637467f8b811175d3,ncloc_identical,code_smells,1194.0,1549.0,355.0,355.0
treatment,keephq/keep,2024-06,exact_match,e6ce080de41cd5e218eff5357b00f6ebdbb5b757,e6ce080de41cd5e218eff5357b00f6ebdbb5b757,ncloc_identical,code_smells,1037.0,1329.0,292.0,292.0
control,HelpingAI/Webscout,2025-03,exact_match,0d6ff18a9799de1f2bbe637431e363e4c49006e7,0d6ff18a9799de1f2bbe637431e363e4c49006e7,ncloc_identical,code_smells,689.0,977.0,288.0,288.0
treatment,keephq/keep,2024-05,exact_match,23e20189f22444f91b33f89339fe438bc08c9a16,23e20189f22444f91b33f89339fe438bc08c9a16,ncloc_identical,code_smells,966.0,1247.0,281.0,281.0
treatment,trycua/cua,2025-06,exact_match,f4b6b5942bc67e3331da5c442f6b8aa894bd12a1,f4b6b5942bc67e3331da5c442f6b8aa894bd12a1,ncloc_identical,code_smells,328.0,554.0,226.0,226.0
treatment,leettools-dev/leettools,2025-03,exact_match,bda6d9df917d725b816c05796846f480118cc20a,bda6d9df917d725b816c05796846f480118cc20a,ncloc_identical,code_smells,611.0,820.0,209.0,209.0
treatment,leettools-dev/leettools,2025-04,exact_match,956ff760bdfbbe1c9a241742cad3b59cdde30655,956ff760bdfbbe1c9a241742cad3b59cdde30655,ncloc_identical,code_smells,614.0,821.0,207.0,207.0
treatment,leettools-dev/leettools,2025-02,exact_match,ea08c2251ef60be5c545e99a82abc904257653ad,ea08c2251ef60be5c545e99a82abc904257653ad,ncloc_identical,code_smells,582.0,788.0,206.0,206.0
control,HelpingAI/Webscout,2024-09,exact_match,b2042728b5aa9a57cce3073ad525f0c796c2d62c,b2042728b5aa9a57cce3073ad525f0c796c2d62c,ncloc_identical,code_smells,500.0,700.0,200.0,200.0
control,Jieqianyu/SGN,2024-09,exact_match,b519871f45a2751d7e9cf4798c90fbff3e410a51,b519871f45a2751d7e9cf4798c90fbff3e410a51,ncloc_identical,code_smells,197.0,388.0,191.0,191.0
control,Jieqianyu/SGN,2024-01,exact_match,a65798174a839bde9c0d2c72dee3848a67bb05ab,a65798174a839bde9c0d2c72dee3848a67bb05ab,ncloc_identical,code_smells,197.0,388.0,191.0,191.0
treatment,trycua/cua,2025-05,exact_match,99b979ef114345fae36dba627f33577388759f47,99b979ef114345fae36dba627f33577388759f47,ncloc_identical,code_smells,287.0,462.0,175.0,175.0
treatment,namuan/trading-utils,2025-02,exact_match,303ea8532d774af9531699c7278303c6d2deb657,303ea8532d774af9531699c7278303c6d2deb657,ncloc_identical,code_smells,237.0,407.0,170.0,170.0
control,HelpingAI/Webscout,2024-08,exact_match,146ee41132650aac4ee6e171c7f136e47de7312f,146ee41132650aac4ee6e171c7f136e47de7312f,ncloc_identical,code_smells,420.0,583.0,163.0,163.0
treatment,namuan/trading-utils,2025-01,exact_match,a34c6ed0ec038a18a9412b9443b79981c10c3342,a34c6ed0ec038a18a9412b9443b79981c10c3342,ncloc_identical,code_smells,232.0,393.0,161.0,161.0
control,dymmond/edgy,2024-11,exact_match,b3793603d969de4bf76397961da57910c1e7a6ca,b3793603d969de4bf76397961da57910c1e7a6ca,ncloc_identical,code_smells,224.0,384.0,160.0,160.0
treatment,trycua/cua,2025-08,exact_match,9515a650ad505cad48638abcb96d343d7b6d1da1,9515a650ad505cad48638abcb96d343d7b6d1da1,ncloc_identical,code_smells,360.0,519.0,159.0,159.0
treatment,trycua/cua,2025-07,exact_match,10bac17c7892facda695a514891e078ae9a55991,10bac17c7892facda695a514891e078ae9a55991,ncloc_identical,code_smells,272.0,431.0,159.0,159.0
control,dymmond/edgy,2024-10,exact_match,35e2fe2ce7936f3eda666eb083c6f64d11610d29,35e2fe2ce7936f3eda666eb083c6f64d11610d29,ncloc_identical,code_smells,214.0,370.0,156.0,156.0
treatment,osomai/servicenow-mcp,2025-06,exact_match,1407e200620bf7b1dc2b2269f4d0d331ec31a1af,1407e200620bf7b1dc2b2269f4d0d331ec31a1af,ncloc_identical,code_smells,62.0,213.0,151.0,151.0
treatment,osomai/servicenow-mcp,2025-08,exact_match,15de01c77dddaf0cf9a5939f2683436088d510b9,15de01c77dddaf0cf9a5939f2683436088d510b9,ncloc_identical,code_smells,62.0,213.0,151.0,151.0
control,dymmond/edgy,2024-12,exact_match,d1021f76b8fd28b0b0dca17c69da71a3bdc9025e,d1021f76b8fd28b0b0dca17c69da71a3bdc9025e,ncloc_identical,code_smells,245.0,395.0,150.0,150.0
treatment,osomai/servicenow-mcp,2025-03,exact_match,7b4d9e220ae702b3f36d4027e2a7cee83de234d7,7b4d9e220ae702b3f36d4027e2a7cee83de234d7,ncloc_identical,code_smells,54.0,194.0,140.0,140.0
control,dymmond/edgy,2024-09,exact_match,80f019ccf8587cec7d73e07f0c8b2cca70f5a923,80f019ccf8587cec7d73e07f0c8b2cca70f5a923,ncloc_identical,code_smells,197.0,333.0,136.0,136.0
treatment,namuan/trading-utils,2024-12,exact_match,ddd34a11ea8aed024058acd1de1c5e1462ff55b0,ddd34a11ea8aed024058acd1de1c5e1462ff55b0,ncloc_identical,code_smells,229.0,358.0,129.0,129.0
control,dymmond/edgy,2025-02,exact_match,6beec111e957f1ef9fadfd39bf88a4617f574a9d,6beec111e957f1ef9fadfd39bf88a4617f574a9d,ncloc_identical,code_smells,305.0,434.0,129.0,129.0
treatment,osomai/servicenow-mcp,2025-05,exact_match,8ada1173a9f4bd18e7ef97bff96e07d0530e4ee7,8ada1173a9f4bd18e7ef97bff96e07d0530e4ee7,ncloc_identical,code_smells,53.0,181.0,128.0,128.0
treatment,osomai/servicenow-mcp,2025-04,exact_match,2ccb5864e204ab0e397e7b11366e7137fda6356e,2ccb5864e204ab0e397e7b11366e7137fda6356e,ncloc_identical,code_smells,53.0,181.0,128.0,128.0
control,HelpingAI/Webscout,2024-07,exact_match,8f1fa236c636b57605c2d0bcb3e74605a6789796,8f1fa236c636b57605c2d0bcb3e74605a6789796,ncloc_identical,code_smells,427.0,554.0,127.0,127.0
control,golemfoundation/octant,2024-02,exact_match,dcc1b2c3e18458991c3150adfb08f0fc2a7a7b50,dcc1b2c3e18458991c3150adfb08f0fc2a7a7b50,ncloc_identical,code_smells,280.0,401.0,121.0,121.0
treatment,trycua/cua,2025-03,exact_match,9324ab56b21973171f72bfbb6f8aeb8c76871bf3,9324ab56b21973171f72bfbb6f8aeb8c76871bf3,ncloc_identical,code_smells,154.0,274.0,120.0,120.0
control,dymmond/edgy,2025-01,exact_match,103f66b137d03005ff6baaf5e4b40133d048625d,103f66b137d03005ff6baaf5e4b40133d048625d,ncloc_identical,code_smells,298.0,417.0,119.0,119.0
control,HelpingAI/Webscout,2024-06,exact_match,a253e29f8b069a62ce5780563fc5285a9d150a78,a253e29f8b069a62ce5780563fc5285a9d150a78,ncloc_identical,code_smells,390.0,508.0,118.0,118.0
control,zju3dv/ready_to_react,2025-02,exact_match,99e4725810777bdc70b50e00793aecc3409d66fe,99e4725810777bdc70b50e00793aecc3409d66fe,ncloc_identical,code_smells,481.0,587.0,106.0,106.0
control,zju3dv/ready_to_react,2025-03,exact_match,bd36d46c80ad82db499e6c597293c085de91457b,bd36d46c80ad82db499e6c597293c085de91457b,ncloc_identical,code_smells,481.0,587.0,106.0,106.0
control,HelpingAI/Webscout,2024-05,exact_match,05438617e1535333cdf976bf8843553e5b85addc,05438617e1535333cdf976bf8843553e5b85addc,ncloc_identical,code_smells,308.0,412.0,104.0,104.0
control,dymmond/edgy,2025-03,exact_match,19f8913f2cb1586714752dda0ec21eb5fae3045d,19f8913f2cb1586714752dda0ec21eb5fae3045d,ncloc_identical,code_smells,342.0,443.0,101.0,101.0
treatment,namuan/trading-utils,2024-11,exact_match,8862e384363c02d717f3a5c691a9ce06f7b38918,8862e384363c02d717f3a5c691a9ce06f7b38918,ncloc_identical,code_smells,207.0,295.0,88.0,88.0
control,dymmond/edgy,2024-08,exact_match,449d22c3a3191248096ab44ed1391749111d0c0c,449d22c3a3191248096ab44ed1391749111d0c0c,ncloc_identical,code_smells,155.0,221.0,66.0,66.0
control,zhang-xr/FirmLLM,2025-03,exact_match,f8158fb12223089a6eb59f712f87255c2aa541b9,f8158fb12223089a6eb59f712f87255c2aa541b9,ncloc_identical,code_smells,108.0,173.0,65.0,65.0
control,zhang-xr/FirmLLM,2025-04,exact_match,8dc567bdfa7fa514f1138725c1195261fc8aa041,8dc567bdfa7fa514f1138725c1195261fc8aa041,ncloc_identical,code_smells,110.0,175.0,65.0,65.0
treatment,airweave-ai/airweave,2024-12,exact_match,8173f6019421186a82b2fa73fffef085b74762ea,8173f6019421186a82b2fa73fffef085b74762ea,ncloc_identical,code_smells,21.0,82.0,61.0,61.0
treatment,namuan/trading-utils,2024-10,exact_match,6223b14be1472cdbd940b4744f8ff3f754e6b9ca,6223b14be1472cdbd940b4744f8ff3f754e6b9ca,ncloc_identical,code_smells,96.0,156.0,60.0,60.0
control,bropines/chrome-lens-py,2025-03,exact_match,e06a26cc2df7b9f475b163cd147c2d892ae69a7b,e06a26cc2df7b9f475b163cd147c2d892ae69a7b,ncloc_identical,code_smells,24.0,83.0,59.0,59.0
control,dymmond/edgy,2024-07,exact_match,b8caa8fe87da4fa572c092051de74aea8724f143,b8caa8fe87da4fa572c092051de74aea8724f143,ncloc_identical,code_smells,170.0,225.0,55.0,55.0
control,dymmond/edgy,2024-06,exact_match,8fc8c3322bcc9c522c6b7798cf3d3409afd2d253,8fc8c3322bcc9c522c6b7798cf3d3409afd2d253,ncloc_identical,code_smells,170.0,225.0,55.0,55.0
control,pieces-app/cli-agent,2025-08,exact_match,77aac10a2531b95d9a25482cae08d56b1b2f4def,77aac10a2531b95d9a25482cae08d56b1b2f4def,ncloc_identical,code_smells,1547.0,1602.0,55.0,55.0
control,baaivision/EVE,2025-02,exact_match,c42d6f4946b397d19a07e04a6536813684764ce8,c42d6f4946b397d19a07e04a6536813684764ce8,ncloc_identical,code_smells,221.0,274.0,53.0,53.0
control,baaivision/EVE,2025-07,exact_match,cc63ec74d9e5eb7f476c2e083eac087b2882f285,cc63ec74d9e5eb7f476c2e083eac087b2882f285,ncloc_identical,code_smells,221.0,274.0,53.0,53.0
treatment,namuan/trading-utils,2024-09,exact_match,e088d9231feb860e65393c43a1d561f3971301ae,e088d9231feb860e65393c43a1d561f3971301ae,ncloc_identical,code_smells,99.0,151.0,52.0,52.0
treatment,panther-labs/panther-analysis,2024-04,exact_match,4aa347f5a424a5a0f0a650b43798ccc663913a97,4aa347f5a424a5a0f0a650b43798ccc663913a97,ncloc_identical,code_smells,167.0,218.0,51.0,51.0
treatment,panther-labs/panther-analysis,2024-07,exact_match,2dd28b22b6769fbc8dd7ff0e994c0ed7ead7304f,2dd28b22b6769fbc8dd7ff0e994c0ed7ead7304f,ncloc_identical,code_smells,167.0,218.0,51.0,51.0
treatment,namuan/trading-utils,2024-08,exact_match,ac3dabe73bc74f4329d20a4fbbe5547a04dc5a01,ac3dabe73bc74f4329d20a4fbbe5547a04dc5a01,ncloc_identical,code_smells,111.0,162.0,51.0,51.0
treatment,panther-labs/panther-analysis,2024-05,exact_match,791b90d5b9575124d6058f0808a11101d3d969f2,791b90d5b9575124d6058f0808a11101d3d969f2,ncloc_identical,code_smells,167.0,218.0,51.0,51.0
treatment,panther-labs/panther-analysis,2024-06,exact_match,ff7a1497c58d8477c2f340ffab83a771e1c58e08,ff7a1497c58d8477c2f340ffab83a771e1c58e08,ncloc_identical,code_smells,167.0,218.0,51.0,51.0
control,pieces-app/cli-agent,2025-07,exact_match,ff6928ee937c16312c73e3f95f2f768dd8428065,ff6928ee937c16312c73e3f95f2f768dd8428065,ncloc_identical,code_smells,1531.0,1580.0,49.0,49.0
control,pieces-app/cli-agent,2025-06,exact_match,6c44181fb35136721f941a77b6be436f6926c7cb,6c44181fb35136721f941a77b6be436f6926c7cb,ncloc_identical,code_smells,1413.0,1462.0,49.0,49.0
treatment,synaptiai/prompt-decorators,2025-05,exact_match,e0830277744ae4089dcd630dab688a3e892f19af,e0830277744ae4089dcd630dab688a3e892f19af,ncloc_identical,code_smells,159.0,207.0,48.0,48.0
treatment,synaptiai/prompt-decorators,2025-08,exact_match,8ffdee7032009e5e1229cec0f766de6332f2b81c,8ffdee7032009e5e1229cec0f766de6332f2b81c,ncloc_identical,code_smells,159.0,207.0,48.0,48.0
treatment,synaptiai/prompt-decorators,2025-07,exact_match,75ab51622f28cdbecba739a07a404f76b803f4df,75ab51622f28cdbecba739a07a404f76b803f4df,ncloc_identical,code_smells,159.0,207.0,48.0,48.0
treatment,synaptiai/prompt-decorators,2025-06,exact_match,1dd0f977ff0cbe127717a6c4d7f198a609485f69,1dd0f977ff0cbe127717a6c4d7f198a609485f69,ncloc_identical,code_smells,159.0,207.0,48.0,48.0
control,dymmond/edgy,2024-05,exact_match,acf009ef9736b17a062320fe62d422fd5db759e3,acf009ef9736b17a062320fe62d422fd5db759e3,ncloc_identical,code_smells,134.0,181.0,47.0,47.0
treatment,panther-labs/panther-analysis,2024-01,exact_match,24cdefb3cfe05be135e8941654c0f3c9d1797863,24cdefb3cfe05be135e8941654c0f3c9d1797863,ncloc_identical,code_smells,165.0,212.0,47.0,47.0
control,dymmond/edgy,2024-04,exact_match,85a5aa0dcacec8c82bab372772ae25c87c9042f6,85a5aa0dcacec8c82bab372772ae25c87c9042f6,ncloc_identical,code_smells,117.0,164.0,47.0,47.0
treatment,tw-haiven/haiven,2025-03,exact_match,9fa1486c64f85b5acc14ce919fad7c52b18afeb9,9fa1486c64f85b5acc14ce919fad7c52b18afeb9,ncloc_identical,code_smells,381.0,426.0,45.0,45.0
control,markmelnic/stealthenium,2025-02,exact_match,339208d8978d3d15f971f0e4460097553071dfb2,339208d8978d3d15f971f0e4460097553071dfb2,ncloc_identical,code_smells,124.0,169.0,45.0,45.0
treatment,panther-labs/panther-analysis,2024-02,exact_match,8893eaa4056c483dbdc717972b7010006494f114,8893eaa4056c483dbdc717972b7010006494f114,ncloc_identical,code_smells,168.0,213.0,45.0,45.0
treatment,panther-labs/panther-analysis,2024-03,exact_match,1583883284ed3104ee76e9db8ed41883313bbe1d,1583883284ed3104ee76e9db8ed41883313bbe1d,ncloc_identical,code_smells,168.0,213.0,45.0,45.0
control,markmelnic/stealthenium,2024-08,exact_match,8c4385c84ea10efb27698a37fcbc9bdeab400405,8c4385c84ea10efb27698a37fcbc9bdeab400405,ncloc_identical,code_smells,124.0,169.0,45.0,45.0
control,markmelnic/stealthenium,2024-10,exact_match,8c2d8f30fc48c12382cd8f007922022621d9a3e0,8c2d8f30fc48c12382cd8f007922022621d9a3e0,ncloc_identical,code_smells,124.0,169.0,45.0,45.0
treatment,askjohngeorge/pipecat-lead-qualifier,2025-01,exact_match,322142a04cd2f43c9f5a14123abd4ea5329ddbfd,322142a04cd2f43c9f5a14123abd4ea5329ddbfd,ncloc_identical,code_smells,17.0,61.0,44.0,44.0
treatment,synaptiai/prompt-decorators,2025-03,exact_match,d43502d6d3034874c6b19ca459bc297c76b2bca0,d43502d6d3034874c6b19ca459bc297c76b2bca0,ncloc_identical,code_smells,141.0,185.0,44.0,44.0
control,dymmond/edgy,2024-01,exact_match,0bea047b50cc5f4c227e8c44eee1ad7ba0382b2d,0bea047b50cc5f4c227e8c44eee1ad7ba0382b2d,ncloc_identical,code_smells,115.0,159.0,44.0,44.0
treatment,synaptiai/prompt-decorators,2025-04,exact_match,1bb0e8789bf0ee88c448d745d3f3a93244a00932,1bb0e8789bf0ee88c448d745d3f3a93244a00932,ncloc_identical,code_smells,141.0,185.0,44.0,44.0
control,dymmond/edgy,2024-02,exact_match,10115d3429844344d86a9f8146871f8a991c6573,10115d3429844344d86a9f8146871f8a991c6573,ncloc_identical,code_smells,115.0,159.0,44.0,44.0
control,bropines/chrome-lens-py,2025-08,exact_match,f0ba9bc2757176ac16104b265c8003212d822a3c,f0ba9bc2757176ac16104b265c8003212d822a3c,ncloc_identical,code_smells,22.0,64.0,42.0,42.0
control,bropines/chrome-lens-py,2025-06,exact_match,4f1620431d6867b4088acf5de8a05f55c8a89244,4f1620431d6867b4088acf5de8a05f55c8a89244,ncloc_identical,code_smells,22.0,64.0,42.0,42.0
treatment,smartian1/tgtrader,2025-04,exact_match,9d17bd75396997b746338c8911d8d781c096ed35,9d17bd75396997b746338c8911d8d781c096ed35,ncloc_identical,code_smells,337.0,378.0,41.0,41.0
control,caffeinedoom/reconthing,2024-11,exact_match,63f6a888dcf040f261ad37f46356ce5dba6ec853,63f6a888dcf040f261ad37f46356ce5dba6ec853,ncloc_identical,code_smells,7.0,48.0,41.0,41.0
control,xinsir6/ControlNetPlus,2024-08,exact_match,597f7e8aa8917826f260566a4492d634b7a71ca5,597f7e8aa8917826f260566a4492d634b7a71ca5,ncloc_identical,code_smells,189.0,229.0,40.0,40.0
control,xinsir6/ControlNetPlus,2024-09,exact_match,b48420576eac63c04388cb65fb74513cbd17405a,b48420576eac63c04388cb65fb74513cbd17405a,ncloc_identical,code_smells,191.0,231.0,40.0,40.0
control,xinsir6/ControlNetPlus,2024-07,exact_match,d8d6db7b72da5a4fe6c8af5da0a998704b5e8cef,d8d6db7b72da5a4fe6c8af5da0a998704b5e8cef,ncloc_identical,code_smells,189.0,229.0,40.0,40.0
control,OSU-NLP-Group/HippoRAG,2025-08,exact_match,e0452e323bfcf5e2eb755ec45c1a597ec843a578,e0452e323bfcf5e2eb755ec45c1a597ec843a578,ncloc_identical,code_smells,95.0,134.0,39.0,39.0
treatment,sirkirby/unifi-network-rules,2025-07,exact_match,82b213f6193a4d0bdac8093c235b16e205d8b6d0,82b213f6193a4d0bdac8093c235b16e205d8b6d0,ncloc_identical,code_smells,117.0,156.0,39.0,39.0
treatment,sirkirby/unifi-network-rules,2025-06,exact_match,c5a94b82797ea738e2f9f796f918e315dc71fe90,c5a94b82797ea738e2f9f796f918e315dc71fe90,ncloc_identical,code_smells,121.0,159.0,38.0,38.0
control,HelpingAI/Webscout,2024-04,exact_match,43365b64ad799c81f65d9ca8fda0fe0d95978f59,43365b64ad799c81f65d9ca8fda0fe0d95978f59,ncloc_identical,code_smells,146.0,183.0,37.0,37.0
control,RobinWu218/ToST,2025-02,exact_match,071ea98ffc84b4e4eb4f0c1167eae90b2bd11dd9,071ea98ffc84b4e4eb4f0c1167eae90b2bd11dd9,ncloc_identical,code_smells,117.0,154.0,37.0,37.0
control,aj47/100x-orchestrator,2024-11,exact_match,2c394810aace9b232637e95c1281dd07f8caba67,2c394810aace9b232637e95c1281dd07f8caba67,ncloc_identical,code_smells,13.0,50.0,37.0,37.0
treatment,Kiln-AI/Kiln,2025-08,exact_match,315777c3f26303453773d154dbe9c11533c7615f,315777c3f26303453773d154dbe9c11533c7615f,ncloc_identical,code_smells,170.0,205.0,35.0,35.0
treatment,The-Pocket/PocketFlow,2025-05,exact_match,6cf3ec4984958eb442ed676835f6551648082f22,6cf3ec4984958eb442ed676835f6551648082f22,ncloc_identical,code_smells,111.0,146.0,35.0,35.0
treatment,The-Pocket/PocketFlow,2025-06,exact_match,8c6cbc5138a92fff325366b5622d59ecfaae7a07,8c6cbc5138a92fff325366b5622d59ecfaae7a07,ncloc_identical,code_smells,120.0,154.0,34.0,34.0
treatment,The-Pocket/PocketFlow,2025-07,exact_match,f98e9f4806af3b6aedfbf7e462bdadeba671bd63,f98e9f4806af3b6aedfbf7e462bdadeba671bd63,ncloc_identical,code_smells,120.0,154.0,34.0,34.0
treatment,The-Pocket/PocketFlow,2025-08,exact_match,23e36bfbdfe8a071aafa987a9ba14df842af8a0e,23e36bfbdfe8a071aafa987a9ba14df842af8a0e,ncloc_identical,code_smells,122.0,156.0,34.0,34.0
control,OSU-NLP-Group/HippoRAG,2025-06,exact_match,242abfbefa03d6fce7a5c107e10ec24f22945b1f,242abfbefa03d6fce7a5c107e10ec24f22945b1f,ncloc_identical,code_smells,86.0,120.0,34.0,34.0
treatment,panther-labs/panther-analysis,2024-08,exact_match,fc581846edf0f01e294457d00acfc5b904e34738,fc581846edf0f01e294457d00acfc5b904e34738,ncloc_identical,code_smells,170.0,204.0,34.0,34.0
treatment,smartian1/tgtrader,2025-03,exact_match,48a5a6e8245592314a2eb3d667ada5faac2a367f,48a5a6e8245592314a2eb3d667ada5faac2a367f,ncloc_identical,code_smells,293.0,327.0,34.0,34.0
control,OSU-NLP-Group/HippoRAG,2025-07,exact_match,5f7ffa7ffaf9ed2d7b963826c61edc356516bdae,5f7ffa7ffaf9ed2d7b963826c61edc356516bdae,ncloc_identical,code_smells,88.0,122.0,34.0,34.0
treatment,sirkirby/unifi-network-rules,2025-04,exact_match,b208b60791430e40bb8e2bc43c0ff81632167a72,b208b60791430e40bb8e2bc43c0ff81632167a72,ncloc_identical,code_smells,104.0,137.0,33.0,33.0
control,zhang-xr/FirmLLM,2025-02,exact_match,ec1f47e26100924ec60415edfc0eba16e361aa7d,ec1f47e26100924ec60415edfc0eba16e361aa7d,ncloc_identical,code_smells,110.0,143.0,33.0,33.0
treatment,MDGrey33/pyvisionai,2025-07,exact_match,cc125c05100115df578cbcdf0da4e57778e423aa,cc125c05100115df578cbcdf0da4e57778e423aa,ncloc_identical,code_smells,44.0,77.0,33.0,33.0
treatment,panther-labs/panther-analysis,2024-09,exact_match,e36ab755e770405c0fdb16cc8ef7354fbdb30ce9,e36ab755e770405c0fdb16cc8ef7354fbdb30ce9,ncloc_identical,code_smells,170.0,203.0,33.0,33.0
control,OSU-NLP-Group/HippoRAG,2025-05,exact_match,19bb2e434f470440f100a1dad0341f15849641e2,19bb2e434f470440f100a1dad0341f15849641e2,ncloc_identical,code_smells,84.0,117.0,33.0,33.0
control,kuleshov-group/caduceus,2025-06,exact_match,0060a6d8079b6a040fc55d505e15972a327b70a6,0060a6d8079b6a040fc55d505e15972a327b70a6,ncloc_identical,code_smells,107.0,139.0,32.0,32.0
control,kuleshov-group/caduceus,2025-01,exact_match,49e3204dfba5bd36b9c6405bca6b0396e04ab9d2,49e3204dfba5bd36b9c6405bca6b0396e04ab9d2,ncloc_identical,code_smells,107.0,139.0,32.0,32.0
control,kuleshov-group/caduceus,2024-08,exact_match,6b451a8b1a8e5d55b76b4e68565ed551fc53de64,6b451a8b1a8e5d55b76b4e68565ed551fc53de64,ncloc_identical,code_smells,107.0,139.0,32.0,32.0
control,kuleshov-group/caduceus,2024-10,exact_match,2593c807ebfc0aede05e7a991474b1a0e60fdc93,2593c807ebfc0aede05e7a991474b1a0e60fdc93,ncloc_identical,code_smells,107.0,139.0,32.0,32.0
control,kuleshov-group/caduceus,2024-05,exact_match,901884f6a6c9ad82ae36cbfdb056b272d9a4c64a,901884f6a6c9ad82ae36cbfdb056b272d9a4c64a,ncloc_identical,code_smells,107.0,139.0,32.0,32.0
control,kuleshov-group/caduceus,2025-05,exact_match,b3824a02dc97960b6301c5b5a0ef4e9c67c3c5cf,b3824a02dc97960b6301c5b5a0ef4e9c67c3c5cf,ncloc_identical,code_smells,107.0,139.0,32.0,32.0
control,kuleshov-group/caduceus,2024-04,exact_match,17452f8c4066f5d562fdcfb3e4f28534cdc31015,17452f8c4066f5d562fdcfb3e4f28534cdc31015,ncloc_identical,code_smells,107.0,139.0,32.0,32.0
control,kuleshov-group/caduceus,2024-06,exact_match,8f04348b51de01a80e6d3e6dadc9a61f39438cc6,8f04348b51de01a80e6d3e6dadc9a61f39438cc6,ncloc_identical,code_smells,107.0,139.0,32.0,32.0
treatment,sirkirby/unifi-network-rules,2025-03,exact_match,702090debca7301d7ffbb242edc927cc1c5a2703,702090debca7301d7ffbb242edc927cc1c5a2703,ncloc_identical,code_smells,102.0,133.0,31.0,31.0
treatment,gerred/mcp-server-replicate,2025-01,exact_match,da7c9f5b18a5a1db189315cdfb6b92d03583bf1a,da7c9f5b18a5a1db189315cdfb6b92d03583bf1a,ncloc_identical,code_smells,35.0,66.0,31.0,31.0
treatment,SlyyCooper/cursorrules-architect,2025-03,exact_match,1b8ad985d2fd1b380194e94aef663c259e913daf,1b8ad985d2fd1b380194e94aef663c259e913daf,ncloc_identical,code_smells,21.0,52.0,31.0,31.0
treatment,gerred/mcp-server-replicate,2025-02,exact_match,568024cbab6f7da22a85d7bd5787f2e835e4e54a,568024cbab6f7da22a85d7bd5787f2e835e4e54a,ncloc_identical,code_smells,35.0,66.0,31.0,31.0
control,aj47/100x-orchestrator,2025-02,exact_match,4fede5d1be8abff710a702ee2ee324e4aa329ba3,4fede5d1be8abff710a702ee2ee324e4aa329ba3,ncloc_identical,code_smells,55.0,85.0,30.0,30.0
treatment,namuan/trading-utils,2024-07,exact_match,6a282409aec8b7d508567277e4028df0b0177c29,6a282409aec8b7d508567277e4028df0b0177c29,ncloc_identical,code_smells,75.0,105.0,30.0,30.0
treatment,SlyyCooper/cursorrules-architect,2025-04,exact_match,d3341bec543e5ba24cacc2caf33383e98c657e2d,d3341bec543e5ba24cacc2caf33383e98c657e2d,ncloc_identical,code_smells,24.0,54.0,30.0,30.0
control,aj47/100x-orchestrator,2025-01,exact_match,c0f903e0768d211838793febb3ea3cc78ea325ef,c0f903e0768d211838793febb3ea3cc78ea325ef,ncloc_identical,code_smells,55.0,85.0,30.0,30.0
treatment,namuan/trading-utils,2024-06,exact_match,c905414efa9a4a785a787184653912d268984c8a,c905414efa9a4a785a787184653912d268984c8a,ncloc_identical,code_smells,74.0,103.0,29.0,29.0
treatment,panther-labs/panther-analysis,2025-02,exact_match,642d24848e2157a207f954ba1cc01409ece6fba5,642d24848e2157a207f954ba1cc01409ece6fba5,ncloc_identical,code_smells,164.0,193.0,29.0,29.0
treatment,namuan/trading-utils,2024-05,exact_match,845e9c334d99edee42a923d4f4e8446d2c3a7c2e,845e9c334d99edee42a923d4f4e8446d2c3a7c2e,ncloc_identical,code_smells,71.0,99.0,28.0,28.0
treatment,panther-labs/panther-analysis,2025-01,exact_match,71d7eeb2e7c7ebe65e42e1907b86f09f4ccc5c6f,71d7eeb2e7c7ebe65e42e1907b86f09f4ccc5c6f,ncloc_identical,code_smells,164.0,192.0,28.0,28.0
control,aj47/100x-orchestrator,2024-12,exact_match,ac9f1d7177edc0d733edd023c5ba631b61d6bbf3,ac9f1d7177edc0d733edd023c5ba631b61d6bbf3,ncloc_identical,code_smells,54.0,82.0,28.0,28.0
control,FaceAdapter/Face-Adapter,2024-05,exact_match,6e313885188e05740a7c40e12c1b9015c748bf08,6e313885188e05740a7c40e12c1b9015c748bf08,ncloc_identical,code_smells,105.0,132.0,27.0,27.0
treatment,panther-labs/panther-analysis,2025-07,exact_match,e50a5ee55e313ce12b065d8c6486c2e16ae23916,e50a5ee55e313ce12b065d8c6486c2e16ae23916,ncloc_identical,code_smells,170.0,197.0,27.0,27.0
treatment,panther-labs/panther-analysis,2025-08,exact_match,0690f53e62019b6a3e89c3d9eabe730d0ab0e525,0690f53e62019b6a3e89c3d9eabe730d0ab0e525,ncloc_identical,code_smells,171.0,198.0,27.0,27.0
treatment,panther-labs/panther-analysis,2025-06,exact_match,185cb1db26535ded893ebdf0c26a5fef700ab546,185cb1db26535ded893ebdf0c26a5fef700ab546,ncloc_identical,code_smells,165.0,192.0,27.0,27.0
treatment,panther-labs/panther-analysis,2024-10,exact_match,eeaaaf08d083b6032a5cf3627573be7448415a28,eeaaaf08d083b6032a5cf3627573be7448415a28,ncloc_identical,code_smells,160.0,187.0,27.0,27.0
control,baaivision/EVE,2024-10,exact_match,c5bd77dfa8aaf19beb22257094dede0fc487b846,c5bd77dfa8aaf19beb22257094dede0fc487b846,ncloc_identical,code_smells,103.0,130.0,27.0,27.0
treatment,panther-labs/panther-analysis,2025-05,exact_match,ad044d32ab62f43d10d305715cbeccd3ad1d6022,ad044d32ab62f43d10d305715cbeccd3ad1d6022,ncloc_identical,code_smells,164.0,191.0,27.0,27.0
control,baaivision/EVE,2024-07,exact_match,4460bd68c7279f64fa31e54c33fdc666af484b0b,4460bd68c7279f64fa31e54c33fdc666af484b0b,ncloc_identical,code_smells,103.0,130.0,27.0,27.0
treatment,panther-labs/panther-analysis,2025-03,exact_match,a2abdcf4369e99c412d78aefd6e0304a6dbc09a8,a2abdcf4369e99c412d78aefd6e0304a6dbc09a8,ncloc_identical,code_smells,165.0,192.0,27.0,27.0
control,baaivision/EVE,2024-06,exact_match,3bdde8cf07d29c43fde3477471803c45293f601d,3bdde8cf07d29c43fde3477471803c45293f601d,ncloc_identical,code_smells,103.0,130.0,27.0,27.0
treatment,instructor-ai/instructor,2025-08,exact_match,e6fd592b1b28122c09a13b63015b700e0e44ac7b,e6fd592b1b28122c09a13b63015b700e0e44ac7b,ncloc_identical,code_smells,247.0,274.0,27.0,27.0
treatment,panther-labs/panther-analysis,2024-11,exact_match,d02d3e76d1994587a2b8fe5be3c7835bbe132520,d02d3e76d1994587a2b8fe5be3c7835bbe132520,ncloc_identical,code_smells,161.0,188.0,27.0,27.0
treatment,whiteducksoftware/flock,2025-04,exact_match,3ee5df65ccb8ed5d888eec1a75878698a4b5a9b9,3ee5df65ccb8ed5d888eec1a75878698a4b5a9b9,ncloc_identical,code_smells,218.0,244.0,26.0,26.0
control,ITSpecialist111/ai_automation_suggester,2024-12,exact_match,a3a4bbbd2a0f8b15b360891c627b4be2cef2d0db,a3a4bbbd2a0f8b15b360891c627b4be2cef2d0db,ncloc_identical,code_smells,10.0,36.0,26.0,26.0
treatment,panther-labs/panther-analysis,2024-12,exact_match,0256e82f8fa9e6422d433578d0e40184912a9f82,0256e82f8fa9e6422d433578d0e40184912a9f82,ncloc_identical,code_smells,161.0,187.0,26.0,26.0
treatment,namuan/trading-utils,2024-04,exact_match,3bedcdc08e3d1bb6cafeb08eedc369dd9935df20,3bedcdc08e3d1bb6cafeb08eedc369dd9935df20,ncloc_identical,code_smells,70.0,96.0,26.0,26.0
treatment,MDGrey33/pyvisionai,2025-06,exact_match,e01328ba91c79b2139aafd17c85cc26f6753fa89,e01328ba91c79b2139aafd17c85cc26f6753fa89,ncloc_identical,code_smells,36.0,62.0,26.0,26.0
treatment,Kiln-AI/Kiln,2024-12,exact_match,f23f125dc468860999abeebe36c2b7c8a8ff5033,f23f125dc468860999abeebe36c2b7c8a8ff5033,ncloc_identical,code_smells,76.0,102.0,26.0,26.0
control,ITSpecialist111/ai_automation_suggester,2025-03,exact_match,5dfe854ad555719dfa71d2fecdfe403754fc9832,5dfe854ad555719dfa71d2fecdfe403754fc9832,ncloc_identical,code_smells,12.0,38.0,26.0,26.0
control,ITSpecialist111/ai_automation_suggester,2025-02,exact_match,a8af04fb1e696943110ac824705b1cc41cf677e9,a8af04fb1e696943110ac824705b1cc41cf677e9,ncloc_identical,code_smells,10.0,36.0,26.0,26.0
control,ITSpecialist111/ai_automation_suggester,2025-01,exact_match,80e4702607a60ea1a7e99dfc49b38e2b6dcc37ed,80e4702607a60ea1a7e99dfc49b38e2b6dcc37ed,ncloc_identical,code_smells,10.0,36.0,26.0,26.0
treatment,Chocksy/qc-options-framework,2024-08,exact_match,ac3b7dfbc87ddcf9f1e25f8fe3098df1d2882485,ac3b7dfbc87ddcf9f1e25f8fe3098df1d2882485,ncloc_identical,code_smells,823.0,849.0,26.0,26.0
control,ITSpecialist111/ai_automation_suggester,2024-11,exact_match,f2e54127e5ea100cd7038be63b5067d7ec9e3203,f2e54127e5ea100cd7038be63b5067d7ec9e3203,ncloc_identical,code_smells,8.0,34.0,26.0,26.0
treatment,ilanbenb/wa_llm,2025-07,exact_match,07e2f6f91e2b3356e9c7afa7757194aa7666171e,07e2f6f91e2b3356e9c7afa7757194aa7666171e,ncloc_identical,code_smells,17.0,42.0,25.0,25.0
treatment,ilanbenb/wa_llm,2025-08,exact_match,95b88f091416560b0e21f46bcbbb4ddd6a936241,95b88f091416560b0e21f46bcbbb4ddd6a936241,ncloc_identical,code_smells,17.0,42.0,25.0,25.0
control,Event-AHU/OpenEvDET,2025-08,exact_match,77a31ac8d522bafc38fbe2569df8020ffc6d11ff,77a31ac8d522bafc38fbe2569df8020ffc6d11ff,ncloc_identical,code_smells,380.0,405.0,25.0,25.0
control,Event-AHU/OpenEvDET,2025-07,exact_match,0387128430648126abe7ef71016a4ff6a1f03f20,0387128430648126abe7ef71016a4ff6a1f03f20,ncloc_identical,code_smells,383.0,408.0,25.0,25.0
control,Event-AHU/OpenEvDET,2025-05,exact_match,c3089ba55502bb47ab6689d56bed4bd44236c126,c3089ba55502bb47ab6689d56bed4bd44236c126,ncloc_identical,code_smells,383.0,408.0,25.0,25.0
treatment,Kiln-AI/Kiln,2024-11,exact_match,46cbfac54080ec7c17303d22ac3ab04f9fc11ca3,46cbfac54080ec7c17303d22ac3ab04f9fc11ca3,ncloc_identical,code_smells,69.0,94.0,25.0,25.0
treatment,Chocksy/qc-options-framework,2024-10,exact_match,a101728f870ee1a9765e15cabf37e1170bd33e53,a101728f870ee1a9765e15cabf37e1170bd33e53,ncloc_identical,code_smells,832.0,857.0,25.0,25.0
treatment,Chocksy/qc-options-framework,2024-06,exact_match,54b5d33a2f3e6c6ef0290ab041141ffcc7e4bb76,54b5d33a2f3e6c6ef0290ab041141ffcc7e4bb76,ncloc_identical,code_smells,749.0,774.0,25.0,25.0
treatment,Chocksy/qc-options-framework,2024-09,exact_match,c4cae7ee5c6730684da47b2c83218111af20e1a1,c4cae7ee5c6730684da47b2c83218111af20e1a1,ncloc_identical,code_smells,830.0,855.0,25.0,25.0
treatment,Chocksy/qc-options-framework,2024-07,exact_match,a7e14b0436c9bb305f456b6a2578f54ab749aa9a,a7e14b0436c9bb305f456b6a2578f54ab749aa9a,ncloc_identical,code_smells,763.0,788.0,25.0,25.0
control,OSU-NLP-Group/HippoRAG,2024-07,exact_match,5ddedf0f516c7bbed777ba54da680c8bb8fb8f84,5ddedf0f516c7bbed777ba54da680c8bb8fb8f84,ncloc_identical,code_smells,70.0,94.0,24.0,24.0
control,OSU-NLP-Group/HippoRAG,2025-01,exact_match,b04488d54c4c325dcbdfff6013c7e1ba117874fa,b04488d54c4c325dcbdfff6013c7e1ba117874fa,ncloc_identical,code_smells,70.0,94.0,24.0,24.0
treatment,c4fun/tell-stories-webui,2025-02,exact_match,710af02d6d75c9beeb2879b9895ac12dcc5ef4a2,710af02d6d75c9beeb2879b9895ac12dcc5ef4a2,ncloc_identical,code_smells,37.0,60.0,23.0,23.0
treatment,namuan/trading-utils,2024-03,exact_match,365d6f2a195d9fb578f145a3ecad5ef464eaa225,365d6f2a195d9fb578f145a3ecad5ef464eaa225,ncloc_identical,code_smells,58.0,81.0,23.0,23.0
treatment,c4fun/tell-stories-webui,2025-04,exact_match,2a586311600393da4899d04a91a1fbe38ce7b5b0,2a586311600393da4899d04a91a1fbe38ce7b5b0,ncloc_identical,code_smells,37.0,60.0,23.0,23.0
control,OSU-NLP-Group/HippoRAG,2024-06,exact_match,cfbe01eef0766757a5d329216245d254d96f4ca7,cfbe01eef0766757a5d329216245d254d96f4ca7,ncloc_identical,code_smells,69.0,92.0,23.0,23.0
treatment,namuan/trading-utils,2024-02,exact_match,83bd40773354a29601e0c927d84e4ae4b905a993,83bd40773354a29601e0c927d84e4ae4b905a993,ncloc_identical,code_smells,44.0,67.0,23.0,23.0
treatment,Kiln-AI/Kiln,2025-01,exact_match,f9c319fcb18c8e99ee60ab3c63af64aef9d76587,f9c319fcb18c8e99ee60ab3c63af64aef9d76587,ncloc_identical,code_smells,88.0,111.0,23.0,23.0
control,OSU-NLP-Group/HippoRAG,2024-05,exact_match,9b784993c54e63a3d9610ba322a864e8bddd04a6,9b784993c54e63a3d9610ba322a864e8bddd04a6,ncloc_identical,code_smells,57.0,79.0,22.0,22.0
control,kuleshov-group/caduceus,2024-02,exact_match,33506e2b22e844736de3ab5a2fd6ad3a8dd71053,33506e2b22e844736de3ab5a2fd6ad3a8dd71053,ncloc_identical,code_smells,99.0,121.0,22.0,22.0
treatment,ilanbenb/wa_llm,2025-06,exact_match,55fe1d87d42efd981870607efeccbb8430474d88,55fe1d87d42efd981870607efeccbb8430474d88,ncloc_identical,code_smells,17.0,39.0,22.0,22.0
control,kuleshov-group/caduceus,2024-03,exact_match,0efeae802dbdb52c904f5c49052419a526dfaa8f,0efeae802dbdb52c904f5c49052419a526dfaa8f,ncloc_identical,code_smells,99.0,121.0,22.0,22.0
treatment,smartian1/tgtrader,2025-01,exact_match,a883ba2dc193cd0f384d7a2162ae74b1dff0b5fe,a883ba2dc193cd0f384d7a2162ae74b1dff0b5fe,ncloc_identical,code_smells,217.0,238.0,21.0,21.0
treatment,smartian1/tgtrader,2025-02,exact_match,1b533268cbcf209e7db165f44ba5494749587cfc,1b533268cbcf209e7db165f44ba5494749587cfc,ncloc_identical,code_smells,280.0,301.0,21.0,21.0
treatment,Chocksy/qc-options-framework,2024-04,exact_match,ddcf0acdc52bd7f3b95ddad64d911dd2b6466f41,ddcf0acdc52bd7f3b95ddad64d911dd2b6466f41,ncloc_identical,code_smells,728.0,749.0,21.0,21.0
treatment,zilliztech/mcp-server-milvus,2025-03,exact_match,7b8e5e0c9e5578b5b7bac3657c33c0ac796389c8,7b8e5e0c9e5578b5b7bac3657c33c0ac796389c8,ncloc_identical,code_smells,5.0,26.0,21.0,21.0
control,AkariAsai/ScholarQABench,2025-04,exact_match,05b6bc5cd46a7d4c03caceffc8fe04e91bc192fb,05b6bc5cd46a7d4c03caceffc8fe04e91bc192fb,ncloc_identical,code_smells,44.0,65.0,21.0,21.0
control,AkariAsai/ScholarQABench,2025-02,exact_match,c439fbce548b5fab5ff5304e748763e6c8b2b014,c439fbce548b5fab5ff5304e748763e6c8b2b014,ncloc_identical,code_smells,44.0,65.0,21.0,21.0
treatment,zilliztech/mcp-server-milvus,2025-06,exact_match,02fb0592513af3b3e05a12f948a35f98bd2f8447,02fb0592513af3b3e05a12f948a35f98bd2f8447,ncloc_identical,code_smells,5.0,26.0,21.0,21.0
treatment,askjohngeorge/pipecat-lead-qualifier,2025-02,exact_match,c863efa7c17ff84a4780e475fc5dfaa18ac35fd6,c863efa7c17ff84a4780e475fc5dfaa18ac35fd6,ncloc_identical,code_smells,6.0,27.0,21.0,21.0
treatment,instructor-ai/instructor,2024-02,exact_match,3804ec6ac530bdd54f869d64768093eb881cb996,3804ec6ac530bdd54f869d64768093eb881cb996,ncloc_identical,code_smells,64.0,85.0,21.0,21.0
control,AkariAsai/ScholarQABench,2025-08,exact_match,95e6fc52b0a8a0ce0a74956029991e3bb00c38b9,95e6fc52b0a8a0ce0a74956029991e3bb00c38b9,ncloc_identical,code_smells,44.0,65.0,21.0,21.0
control,AkariAsai/ScholarQABench,2025-07,exact_match,a87a5e9cf8913b1b0cab3f74c9fc51560e4a3465,a87a5e9cf8913b1b0cab3f74c9fc51560e4a3465,ncloc_identical,code_smells,44.0,65.0,21.0,21.0
treatment,zilliztech/mcp-server-milvus,2025-05,exact_match,a5ca1c1e427d9f9ea0bbfcef26c62f2c6d111de2,a5ca1c1e427d9f9ea0bbfcef26c62f2c6d111de2,ncloc_identical,code_smells,5.0,26.0,21.0,21.0
treatment,zilliztech/mcp-server-milvus,2025-04,exact_match,f077a68012b3d73a19b68aa0ededcb2d82fb3cd6,f077a68012b3d73a19b68aa0ededcb2d82fb3cd6,ncloc_identical,code_smells,5.0,25.0,20.0,20.0
control,OSU-NLP-Group/HippoRAG,2025-02,exact_match,7fd48f3734c664d1ec69be65413b9dde4af44bf3,7fd48f3734c664d1ec69be65413b9dde4af44bf3,ncloc_identical,code_smells,62.0,82.0,20.0,20.0
treatment,lss233/kirara-ai,2025-04,exact_match,fc34a6fb6bed5001960084c506ccd5fbd4f2e779,fc34a6fb6bed5001960084c506ccd5fbd4f2e779,ncloc_identical,code_smells,128.0,148.0,20.0,20.0
control,AkariAsai/ScholarQABench,2024-11,exact_match,8f63e5b270ac2eac04ba06bfe42913388087f87f,8f63e5b270ac2eac04ba06bfe42913388087f87f,ncloc_identical,code_smells,44.0,64.0,20.0,20.0
control,OSU-NLP-Group/HippoRAG,2025-03,exact_match,e455c5d67f2b3e59b7940382e5556e303cccf55b,e455c5d67f2b3e59b7940382e5556e303cccf55b,ncloc_identical,code_smells,63.0,83.0,20.0,20.0
treatment,Kiln-AI/Kiln,2025-05,exact_match,2e335295e5b45762838ecebd9a09dcbdb70f3c35,2e335295e5b45762838ecebd9a09dcbdb70f3c35,ncloc_identical,code_smells,177.0,197.0,20.0,20.0
treatment,leettools-dev/leettools,2024-12,exact_match,bf8220202f5a90c809cf170822cad5bce2d8f498,bf8220202f5a90c809cf170822cad5bce2d8f498,ncloc_identical,code_smells,460.0,479.0,19.0,19.0
treatment,whiteducksoftware/flock,2025-02,exact_match,99f6cc1ace81f64ffb8232a1993a9e6c58f85172,99f6cc1ace81f64ffb8232a1993a9e6c58f85172,ncloc_identical,code_smells,122.0,141.0,19.0,19.0
treatment,yeagerai/genlayer-studio,2024-05,exact_match,08fff8eb122cff09c100a619e785edae1bf1340e,08fff8eb122cff09c100a619e785edae1bf1340e,ncloc_identical,code_smells,134.0,153.0,19.0,19.0
treatment,lss233/kirara-ai,2025-06,exact_match,8295a5deda0b289a3f70d946064b6c9a3e1b0753,8295a5deda0b289a3f70d946064b6c9a3e1b0753,ncloc_identical,code_smells,155.0,174.0,19.0,19.0
treatment,lss233/kirara-ai,2025-05,exact_match,8ebe4ce51b0e75ee4c4b10ef01e4fda4e17f1f4b,8ebe4ce51b0e75ee4c4b10ef01e4fda4e17f1f4b,ncloc_identical,code_smells,155.0,174.0,19.0,19.0
treatment,Kiln-AI/Kiln,2025-03,exact_match,3ffe3c317febc7255c5bb8502c3e87839b3b3b43,3ffe3c317febc7255c5bb8502c3e87839b3b3b43,ncloc_identical,code_smells,152.0,170.0,18.0,18.0
treatment,xzq-xu/jvm-mcp-server,2025-03,exact_match,6bd46892290772bf681399797006109ac16c2d65,6bd46892290772bf681399797006109ac16c2d65,ncloc_identical,code_smells,28.0,45.0,17.0,17.0
treatment,xzq-xu/jvm-mcp-server,2025-05,exact_match,eb13fc337fe0ac17074b4eb285a81217e48c0948,eb13fc337fe0ac17074b4eb285a81217e48c0948,ncloc_identical,code_smells,28.0,45.0,17.0,17.0
treatment,The-Pocket/PocketFlow,2025-04,exact_match,61f5e89769af1bb5d56e5b4453a4cca405cfbcb2,61f5e89769af1bb5d56e5b4453a4cca405cfbcb2,ncloc_identical,code_smells,88.0,105.0,17.0,17.0
control,PromtEngineer/localGPT,2025-07,exact_match,47e59d29fc39b495aa7c5db0bc7b24a2d50eac31,47e59d29fc39b495aa7c5db0bc7b24a2d50eac31,ncloc_identical,code_smells,198.0,215.0,17.0,17.0
treatment,Kiln-AI/Kiln,2025-04,exact_match,39423a96b59cba8c650cf807d6cfd7472e59ac38,39423a96b59cba8c650cf807d6cfd7472e59ac38,ncloc_identical,code_smells,163.0,180.0,17.0,17.0
treatment,instructor-ai/instructor,2024-01,exact_match,7ab33bd5f6a15e6a041762e9c26a40396a3d7480,7ab33bd5f6a15e6a041762e9c26a40396a3d7480,ncloc_identical,code_smells,50.0,67.0,17.0,17.0
treatment,appl-team/appl,2025-01,exact_match,e39c7401e5023d1b8d4c851e3a6f1048a462f03d,e39c7401e5023d1b8d4c851e3a6f1048a462f03d,ncloc_identical,code_smells,174.0,191.0,17.0,17.0
treatment,tw-haiven/haiven,2025-02,exact_match,b24d3346a9e7be65ff1de9e5f956a46506dfc78b,b24d3346a9e7be65ff1de9e5f956a46506dfc78b,ncloc_identical,code_smells,335.0,352.0,17.0,17.0
treatment,appl-team/appl,2024-12,exact_match,515edade420d6c96e9af010cebbc0a1e21c7deae,515edade420d6c96e9af010cebbc0a1e21c7deae,ncloc_identical,code_smells,172.0,188.0,16.0,16.0
control,ITSpecialist111/ai_automation_suggester,2025-04,exact_match,b2a018afeec2a56847d31897e1224b6dfccd30c7,b2a018afeec2a56847d31897e1224b6dfccd30c7,ncloc_identical,code_smells,15.0,31.0,16.0,16.0
treatment,lss233/kirara-ai,2025-03,exact_match,01f95895fcbe6a330b5b7b82c5769afa080abb05,01f95895fcbe6a330b5b7b82c5769afa080abb05,ncloc_identical,code_smells,110.0,126.0,16.0,16.0
treatment,yeagerai/genlayer-studio,2024-06,exact_match,5672716bd38eccbada79e51ca6b7991a7e02bddb,5672716bd38eccbada79e51ca6b7991a7e02bddb,ncloc_identical,code_smells,147.0,163.0,16.0,16.0
treatment,cgevans/qslib,2024-05,exact_match,e9585da1022cc388100e438149db167518c1efbb,e9585da1022cc388100e438149db167518c1efbb,ncloc_identical,code_smells,159.0,174.0,15.0,15.0
treatment,cgevans/qslib,2024-03,exact_match,ff3fcad7b0ff655d2de1e1df3f85749f256351bf,ff3fcad7b0ff655d2de1e1df3f85749f256351bf,ncloc_identical,code_smells,159.0,174.0,15.0,15.0
control,bropines/chrome-lens-py,2025-02,exact_match,01ca4c0bdf4c77e9cd0ace4c24e5a63df29a37ba,01ca4c0bdf4c77e9cd0ace4c24e5a63df29a37ba,ncloc_identical,code_smells,11.0,26.0,15.0,15.0
control,HelpingAI/Webscout,2024-03,exact_match,7c52f6bfcb0d91ae93a496dc9b356de23a9e568c,7c52f6bfcb0d91ae93a496dc9b356de23a9e568c,ncloc_identical,code_smells,74.0,89.0,15.0,15.0
treatment,cgevans/qslib,2024-02,exact_match,b9e339f6ffe9ea5e4d5439cdaaeafa897f25d2d6,b9e339f6ffe9ea5e4d5439cdaaeafa897f25d2d6,ncloc_identical,code_smells,159.0,174.0,15.0,15.0
treatment,ezyang/codemcp,2025-04,exact_match,3aaa4a8701c74dee51c58c39c48ff6426edcaa67,3aaa4a8701c74dee51c58c39c48ff6426edcaa67,ncloc_identical,code_smells,62.0,77.0,15.0,15.0
treatment,SlyyCooper/cursorrules-architect,2025-01,exact_match,923980a8c89c3ca3aab6115b45b55279637aca9c,923980a8c89c3ca3aab6115b45b55279637aca9c,ncloc_identical,code_smells,23.0,37.0,14.0,14.0
treatment,wdm0006/git-pandas,2024-07,exact_match,9d1ac6aa84a50a2234c37f48ad68dde18912a52e,9d1ac6aa84a50a2234c37f48ad68dde18912a52e,ncloc_identical,code_smells,30.0,44.0,14.0,14.0
treatment,SlyyCooper/cursorrules-architect,2025-02,exact_match,0db19978d1d87932ae23a291135eaf6c4eda6537,0db19978d1d87932ae23a291135eaf6c4eda6537,ncloc_identical,code_smells,23.0,37.0,14.0,14.0
treatment,ezyang/codemcp,2025-03,exact_match,5295ec34409551d3aefad86af2d30a2c3b50fb25,5295ec34409551d3aefad86af2d30a2c3b50fb25,ncloc_identical,code_smells,56.0,70.0,14.0,14.0
treatment,cgevans/qslib,2025-01,exact_match,89937b69bfffcd885298b8cd98bf37ed05d4af76,89937b69bfffcd885298b8cd98bf37ed05d4af76,ncloc_identical,code_smells,179.0,193.0,14.0,14.0
treatment,cgevans/qslib,2024-11,exact_match,6bdf1ecbb46396a395a43c17398714b271747236,6bdf1ecbb46396a395a43c17398714b271747236,ncloc_identical,code_smells,178.0,192.0,14.0,14.0
treatment,cgevans/qslib,2024-12,exact_match,4ee16b6a9069891d5ab83f97ad2084816f347f6d,4ee16b6a9069891d5ab83f97ad2084816f347f6d,ncloc_identical,code_smells,180.0,194.0,14.0,14.0
control,bropines/chrome-lens-py,2025-01,exact_match,9fe53b7726defcbb4189829ff8808d17c80f482d,9fe53b7726defcbb4189829ff8808d17c80f482d,ncloc_identical,code_smells,10.0,24.0,14.0,14.0
control,bropines/chrome-lens-py,2024-11,exact_match,e37629473f98a73ca5118f0f3970855c19e4789d,e37629473f98a73ca5118f0f3970855c19e4789d,ncloc_identical,code_smells,9.0,23.0,14.0,14.0
control,bropines/chrome-lens-py,2024-12,exact_match,cc867b581a07a1c4dae60fc5963017d18393ee8c,cc867b581a07a1c4dae60fc5963017d18393ee8c,ncloc_identical,code_smells,9.0,23.0,14.0,14.0
control,jinli99/iShapEditing,2024-03,exact_match,34a919a6d560de57cc53e0f6ac2fc1ab4ad221b4,34a919a6d560de57cc53e0f6ac2fc1ab4ad221b4,ncloc_identical,code_smells,207.0,221.0,14.0,14.0
treatment,SlyyCooper/cursorrules-architect,2024-12,exact_match,dceafd28aaef126e419f0a98eba0be2a54217ee2,dceafd28aaef126e419f0a98eba0be2a54217ee2,ncloc_identical,code_smells,24.0,38.0,14.0,14.0
control,plurai-ai/intellagent,2025-01,exact_match,bbc98fc3879e3da56a0ba2bc2757f083bfb46451,bbc98fc3879e3da56a0ba2bc2757f083bfb46451,ncloc_identical,code_smells,60.0,73.0,13.0,13.0
control,plurai-ai/intellagent,2025-02,exact_match,bce45c3eee74738cf4b78063df606a2032eab7fb,bce45c3eee74738cf4b78063df606a2032eab7fb,ncloc_identical,code_smells,62.0,75.0,13.0,13.0
treatment,cgevans/qslib,2024-08,exact_match,eb9bc5cd89646a872dabe7bc10b9dc1f2aa4cde3,eb9bc5cd89646a872dabe7bc10b9dc1f2aa4cde3,ncloc_identical,code_smells,169.0,182.0,13.0,13.0
treatment,VRSEN/agency-swarm,2025-04,exact_match,4b229bc91a849a86faec635218862fd9f30f5fe2,4b229bc91a849a86faec635218862fd9f30f5fe2,ncloc_identical,code_smells,181.0,194.0,13.0,13.0
control,plurai-ai/intellagent,2025-04,exact_match,2680da4545b87717a8dbc869738238022ca84ee4,2680da4545b87717a8dbc869738238022ca84ee4,ncloc_identical,code_smells,64.0,77.0,13.0,13.0
treatment,cgevans/qslib,2024-10,exact_match,942f4703421b38c43587d4cfaa33d8cb61744581,942f4703421b38c43587d4cfaa33d8cb61744581,ncloc_identical,code_smells,173.0,186.0,13.0,13.0
control,Event-AHU/OpenEvDET,2025-03,exact_match,a9dff9f1f657e3218e08ef2de59d3b0049764adc,a9dff9f1f657e3218e08ef2de59d3b0049764adc,ncloc_identical,code_smells,162.0,174.0,12.0,12.0
control,EURAC-EEBgroup/brick-llm,2025-03,exact_match,eae4dac0eb871b7859148567812caa3344dfd400,eae4dac0eb871b7859148567812caa3344dfd400,ncloc_identical,code_smells,20.0,32.0,12.0,12.0
control,Event-AHU/OpenEvDET,2025-04,exact_match,43a3a8aa71be7b2caad23f0b2e75ecdb43f38763,43a3a8aa71be7b2caad23f0b2e75ecdb43f38763,ncloc_identical,code_smells,162.0,174.0,12.0,12.0
control,jinli99/iShapEditing,2025-03,exact_match,15b20e3aa435cee574a8737406274fad79684f46,15b20e3aa435cee574a8737406274fad79684f46,ncloc_identical,code_smells,144.0,156.0,12.0,12.0
treatment,VRSEN/agency-swarm,2024-11,exact_match,85180da2f42fec93ac9252567feb3f02f0a86c44,85180da2f42fec93ac9252567feb3f02f0a86c44,ncloc_identical,code_smells,162.0,174.0,12.0,12.0
control,jinli99/iShapEditing,2024-11,exact_match,f54cef1642f690584743e334719c29057c5021c5,f54cef1642f690584743e334719c29057c5021c5,ncloc_identical,code_smells,137.0,149.0,12.0,12.0
control,EURAC-EEBgroup/brick-llm,2025-05,exact_match,ac89ecd41929d3133379fda4bcf5e85927d1c4ac,ac89ecd41929d3133379fda4bcf5e85927d1c4ac,ncloc_identical,code_smells,20.0,32.0,12.0,12.0
treatment,VRSEN/agency-swarm,2024-12,exact_match,b86abc0161578cfd515df69e31eaa3ea510ca014,b86abc0161578cfd515df69e31eaa3ea510ca014,ncloc_identical,code_smells,162.0,174.0,12.0,12.0
treatment,VRSEN/agency-swarm,2025-01,exact_match,8bc648e399de9e70ef52f5b3dc36ddf606abb2b2,8bc648e399de9e70ef52f5b3dc36ddf606abb2b2,ncloc_identical,code_smells,162.0,174.0,12.0,12.0
control,stakewise/v3-operator,2024-12,exact_match,6a1cf53f43973ee7fd4698ff44e45fedfeee46d1,6a1cf53f43973ee7fd4698ff44e45fedfeee46d1,ncloc_identical,code_smells,34.0,46.0,12.0,12.0
treatment,sirkirby/unifi-network-rules,2025-02,exact_match,5d73dc7f0cf3403e0a12e171f2a6a0f2706f20b6,5d73dc7f0cf3403e0a12e171f2a6a0f2706f20b6,ncloc_identical,code_smells,26.0,38.0,12.0,12.0
treatment,SlyyCooper/cursorrules-architect,2024-11,exact_match,c9dcee5dd49dff38f787137e838c002ede504d7a,c9dcee5dd49dff38f787137e838c002ede504d7a,ncloc_identical,code_smells,2.0,14.0,12.0,12.0
control,Event-AHU/OpenEvDET,2025-02,exact_match,dfc518d6227f891592be57dc9f0bdfccdbc1fc2a,dfc518d6227f891592be57dc9f0bdfccdbc1fc2a,ncloc_identical,code_smells,162.0,174.0,12.0,12.0
treatment,VRSEN/agency-swarm,2025-02,exact_match,38329d13a91487cee00fdb3eccb8c5deb6a7d3e3,38329d13a91487cee00fdb3eccb8c5deb6a7d3e3,ncloc_identical,code_smells,161.0,172.0,11.0,11.0
control,stakewise/v3-operator,2025-05,exact_match,0d67cf01b4e483c311aeb7ae9bf79cb8d9967aa1,0d67cf01b4e483c311aeb7ae9bf79cb8d9967aa1,ncloc_identical,code_smells,34.0,45.0,11.0,11.0
control,stakewise/v3-operator,2025-04,exact_match,e490963118f067e36252c267be03c306aa474801,e490963118f067e36252c267be03c306aa474801,ncloc_identical,code_smells,34.0,45.0,11.0,11.0
treatment,tony/django-docutils,2024-03,exact_match,4cb8ec6f725cd2970fc928fefa0d66bc7818e606,4cb8ec6f725cd2970fc928fefa0d66bc7818e606,ncloc_identical,code_smells,71.0,82.0,11.0,11.0
control,EURAC-EEBgroup/brick-llm,2024-12,exact_match,cf5babd71b703f4df2764b7e410524923df8253b,cf5babd71b703f4df2764b7e410524923df8253b,ncloc_identical,code_smells,16.0,27.0,11.0,11.0
control,EURAC-EEBgroup/brick-llm,2024-11,exact_match,23c57e249931c71130ae8d1b880bee1950b1501d,23c57e249931c71130ae8d1b880bee1950b1501d,ncloc_identical,code_smells,14.0,25.0,11.0,11.0
treatment,tony/django-docutils,2024-05,exact_match,6b00f517ec2c7fdac4c7a5f4e7d72c1ba5e25e9c,6b00f517ec2c7fdac4c7a5f4e7d72c1ba5e25e9c,ncloc_identical,code_smells,71.0,82.0,11.0,11.0
treatment,tony/django-docutils,2024-10,exact_match,cfc1b264d19de55cfeb79c038d982a192b0412b0,cfc1b264d19de55cfeb79c038d982a192b0412b0,ncloc_identical,code_smells,71.0,82.0,11.0,11.0
treatment,tony/django-docutils,2024-09,exact_match,7c1baf58136bc611e2eb4d7994592a7d6a17e0b1,7c1baf58136bc611e2eb4d7994592a7d6a17e0b1,ncloc_identical,code_smells,71.0,82.0,11.0,11.0
treatment,tony/django-docutils,2024-04,exact_match,b470d95fbeee9e27390502d866f9d5b3727a128d,b470d95fbeee9e27390502d866f9d5b3727a128d,ncloc_identical,code_smells,71.0,82.0,11.0,11.0
treatment,tony/django-docutils,2024-08,exact_match,4895644e3dafb21706239dde18e001ce5aa37f2a,4895644e3dafb21706239dde18e001ce5aa37f2a,ncloc_identical,code_smells,71.0,82.0,11.0,11.0
control,stakewise/v3-operator,2025-02,exact_match,eb02dd26d2337d39072f924386a3e97a16852a16,eb02dd26d2337d39072f924386a3e97a16852a16,ncloc_identical,code_smells,34.0,45.0,11.0,11.0
control,stakewise/v3-operator,2025-01,exact_match,a399272f42cc9274f9652834ff9f56d7bc43fa32,a399272f42cc9274f9652834ff9f56d7bc43fa32,ncloc_identical,code_smells,34.0,45.0,11.0,11.0
treatment,tony/django-docutils,2024-06,exact_match,ed75180f3d90e6143179995c2c67b6404e7dcb76,ed75180f3d90e6143179995c2c67b6404e7dcb76,ncloc_identical,code_smells,71.0,82.0,11.0,11.0
control,EURAC-EEBgroup/brick-llm,2025-01,exact_match,5d44960a73b9ef0bc4bf79ee9bb2492a821a5795,5d44960a73b9ef0bc4bf79ee9bb2492a821a5795,ncloc_identical,code_smells,15.0,26.0,11.0,11.0
treatment,tony/django-docutils,2024-11,exact_match,dca24e450cbb63e22a148c6a77b88d347ff735fe,dca24e450cbb63e22a148c6a77b88d347ff735fe,ncloc_identical,code_smells,71.0,82.0,11.0,11.0
control,vortezwohl/Bhakti,2024-08,exact_match,e8c43947e1d2005b957c9e9e650c4969804cb297,e8c43947e1d2005b957c9e9e650c4969804cb297,ncloc_identical,code_smells,19.0,30.0,11.0,11.0
treatment,tony/django-docutils,2024-12,exact_match,0b290cba2d4cbab3dac9ce00ec05a350b0011536,0b290cba2d4cbab3dac9ce00ec05a350b0011536,ncloc_identical,code_smells,71.0,82.0,11.0,11.0
control,stakewise/v3-operator,2025-06,exact_match,18b8e71b39a917eadec2fa2edbd94f0a23150efd,18b8e71b39a917eadec2fa2edbd94f0a23150efd,ncloc_identical,code_smells,34.0,45.0,11.0,11.0
control,stakewise/v3-operator,2025-07,exact_match,a41faa769bac914ea1518942a2348889f23ab871,a41faa769bac914ea1518942a2348889f23ab871,ncloc_identical,code_smells,34.0,45.0,11.0,11.0
control,stakewise/v3-operator,2025-08,exact_match,44f69fe8beee0abb5ab4570df353aab421bc8100,44f69fe8beee0abb5ab4570df353aab421bc8100,ncloc_identical,code_smells,34.0,45.0,11.0,11.0
treatment,tony/django-docutils,2024-07,exact_match,c9a88ac56a64421fa9e2474259961df7c19f33f0,c9a88ac56a64421fa9e2474259961df7c19f33f0,ncloc_identical,code_smells,71.0,82.0,11.0,11.0
control,stakewise/v3-operator,2024-05,exact_match,6dcda1e58bdcd159e49af92f7fc3469c57d06eb5,6dcda1e58bdcd159e49af92f7fc3469c57d06eb5,ncloc_identical,code_smells,36.0,46.0,10.0,10.0
control,stakewise/v3-operator,2024-03,exact_match,0139700cf0b051a0421b5f48da3a06bb092ab4a0,0139700cf0b051a0421b5f48da3a06bb092ab4a0,ncloc_identical,code_smells,34.0,44.0,10.0,10.0
control,stakewise/v3-operator,2024-02,exact_match,642c2b5b4a8272f5dcfa81247637330de99fabec,642c2b5b4a8272f5dcfa81247637330de99fabec,ncloc_identical,code_smells,27.0,37.0,10.0,10.0
treatment,tony/django-docutils,2024-02,exact_match,c8209f9d5a07ebc8e6e10219aab19b7c5b4d5884,c8209f9d5a07ebc8e6e10219aab19b7c5b4d5884,ncloc_identical,code_smells,72.0,82.0,10.0,10.0
treatment,tony/django-docutils,2024-01,exact_match,f463f0e4262bb8502fae0403bf11ab2c4898d5e7,f463f0e4262bb8502fae0403bf11ab2c4898d5e7,ncloc_identical,code_smells,72.0,82.0,10.0,10.0
control,stakewise/v3-operator,2024-11,exact_match,32e54286551a01b18586259e416bf722f5603a35,32e54286551a01b18586259e416bf722f5603a35,ncloc_identical,code_smells,33.0,43.0,10.0,10.0
control,stakewise/v3-operator,2024-10,exact_match,f0690d71ab8cc5ceacac5cb4c55a5c06405fe7d5,f0690d71ab8cc5ceacac5cb4c55a5c06405fe7d5,ncloc_identical,code_smells,35.0,45.0,10.0,10.0
control,stakewise/v3-operator,2024-04,exact_match,4cd830bed06a646088da8e3248c9909b13daf99a,4cd830bed06a646088da8e3248c9909b13daf99a,ncloc_identical,code_smells,35.0,45.0,10.0,10.0
control,NiceRingNode/LGGPT,2025-08,exact_match,ce5d480380c407d687cb5bab0701cb1c33fe4238,ce5d480380c407d687cb5bab0701cb1c33fe4238,ncloc_identical,code_smells,110.0,120.0,10.0,10.0
control,NiceRingNode/LGGPT,2025-02,exact_match,338bbb4dcd894e5f7111e9ea141f16d1e7af7249,338bbb4dcd894e5f7111e9ea141f16d1e7af7249,ncloc_identical,code_smells,110.0,120.0,10.0,10.0
control,aws/nova-act,2025-08,exact_match,03bf255e76814a50b7ed1cd4e9961d8d6b9dc01d,03bf255e76814a50b7ed1cd4e9961d8d6b9dc01d,ncloc_identical,code_smells,38.0,48.0,10.0,10.0
control,NiceRingNode/LGGPT,2025-06,exact_match,16ea2d98f990a675ec0473fe5c85beeddf9552d5,16ea2d98f990a675ec0473fe5c85beeddf9552d5,ncloc_identical,code_smells,110.0,120.0,10.0,10.0
control,stakewise/v3-operator,2024-09,exact_match,e87654bb4ba5cc93958f0edaef7d9d958bca9e73,e87654bb4ba5cc93958f0edaef7d9d958bca9e73,ncloc_identical,code_smells,36.0,46.0,10.0,10.0
control,stakewise/v3-operator,2024-08,exact_match,bb211b10d2c24fc04093be980c1b44abb1b87d37,bb211b10d2c24fc04093be980c1b44abb1b87d37,ncloc_identical,code_smells,36.0,46.0,10.0,10.0
control,stakewise/v3-operator,2024-06,exact_match,35d81e7803d5173dcff73f00317928f4ced751dd,35d81e7803d5173dcff73f00317928f4ced751dd,ncloc_identical,code_smells,36.0,46.0,10.0,10.0
control,plurai-ai/intellagent,2024-11,exact_match,f5e76f30d5bac61a4cf73e6529fbc17cbab64342,f5e76f30d5bac61a4cf73e6529fbc17cbab64342,ncloc_identical,code_smells,43.0,53.0,10.0,10.0
control,EURAC-EEBgroup/brick-llm,2024-10,exact_match,324dafc988d53f922b62b6fde9921efb3320348a,324dafc988d53f922b62b6fde9921efb3320348a,ncloc_identical,code_smells,14.0,24.0,10.0,10.0
control,NiceRingNode/LGGPT,2025-03,exact_match,df47d02d98a642ad71b559b599bdae41893b248d,df47d02d98a642ad71b559b599bdae41893b248d,ncloc_identical,code_smells,110.0,120.0,10.0,10.0
control,stakewise/v3-operator,2024-01,exact_match,320337c3de75b67b3f99a54728885cb7d8173d4a,320337c3de75b67b3f99a54728885cb7d8173d4a,ncloc_identical,code_smells,27.0,37.0,10.0,10.0
treatment,TheSethRose/Agent-Chat,2024-10,exact_match,464bdbd1b280f5a15358aca50b7c8e60a4d5ff04,464bdbd1b280f5a15358aca50b7c8e60a4d5ff04,ncloc_identical,code_smells,4.0,13.0,9.0,9.0
control,plurai-ai/intellagent,2024-12,exact_match,7b4c863963d5ab6ec0e8d976e0dcd920aa1dda54,7b4c863963d5ab6ec0e8d976e0dcd920aa1dda54,ncloc_identical,code_smells,52.0,61.0,9.0,9.0
control,aws/nova-act,2025-07,exact_match,0c34f761c63a37dc23f400ea6257163f2009b0d5,0c34f761c63a37dc23f400ea6257163f2009b0d5,ncloc_identical,code_smells,33.0,42.0,9.0,9.0
control,stakewise/v3-operator,2024-07,exact_match,331aa84ba7dd62b49bc3164d0f9ae0a2154d74e9,331aa84ba7dd62b49bc3164d0f9ae0a2154d74e9,ncloc_identical,code_smells,35.0,44.0,9.0,9.0
treatment,Kiln-AI/Kiln,2024-10,exact_match,8f605e1872b0a323d7bcf48be7e84528eb5d4680,8f605e1872b0a323d7bcf48be7e84528eb5d4680,ncloc_identical,code_smells,65.0,74.0,9.0,9.0
control,vortezwohl/Bhakti,2025-04,exact_match,3c1e782cb94cc3a3880de6151bcc17dce24521ac,3c1e782cb94cc3a3880de6151bcc17dce24521ac,ncloc_identical,code_smells,12.0,20.0,8.0,8.0
control,vortezwohl/Bhakti,2024-10,exact_match,3b78a9f29195385d2401b649a4f9412c368171a0,3b78a9f29195385d2401b649a4f9412c368171a0,ncloc_identical,code_smells,12.0,20.0,8.0,8.0
treatment,ezyang/codemcp,2025-05,exact_match,5b6726ab8c71ecf84fc20cb351b7bc7d7941bfda,5b6726ab8c71ecf84fc20cb351b7bc7d7941bfda,ncloc_identical,code_smells,60.0,68.0,8.0,8.0
control,aws/nova-act,2025-06,exact_match,ec2a9086644b1fc68c0c39ed362360e2843800eb,ec2a9086644b1fc68c0c39ed362360e2843800eb,ncloc_identical,code_smells,32.0,40.0,8.0,8.0
control,vortezwohl/Bhakti,2024-09,exact_match,2089486f40881f030a12b01b69732b11d368fb0a,2089486f40881f030a12b01b69732b11d368fb0a,ncloc_identical,code_smells,12.0,20.0,8.0,8.0
treatment,vcs-python/vcspull,2024-02,exact_match,55bdd73edbfc5c168d5ef0a5763a30b002867d5c,55bdd73edbfc5c168d5ef0a5763a30b002867d5c,ncloc_identical,code_smells,16.0,24.0,8.0,8.0
control,ITSpecialist111/ai_automation_suggester,2025-05,exact_match,3e11672356d188a604f807609fe99a04fb80bb7b,3e11672356d188a604f807609fe99a04fb80bb7b,ncloc_identical,code_smells,14.0,22.0,8.0,8.0
control,aws/nova-act,2025-05,exact_match,9fdf998b06aa849cefeec00490a3429837f584f2,9fdf998b06aa849cefeec00490a3429837f584f2,ncloc_identical,code_smells,16.0,24.0,8.0,8.0
treatment,ezyang/codemcp,2025-06,exact_match,41dfe735e1541d6db93f326e43db66f1e7038425,41dfe735e1541d6db93f326e43db66f1e7038425,ncloc_identical,code_smells,62.0,70.0,8.0,8.0
control,yoongi43/music_audio_enhancement_conformer,2024-11,exact_match,becf3cb1210c88b04dc7b2813c9181af36e234bf,becf3cb1210c88b04dc7b2813c9181af36e234bf,ncloc_identical,code_smells,76.0,83.0,7.0,7.0
treatment,vcs-python/vcspull,2024-05,exact_match,981b2cb1c4a5589604f72af592f4ea725333b4c8,981b2cb1c4a5589604f72af592f4ea725333b4c8,ncloc_identical,code_smells,15.0,22.0,7.0,7.0
treatment,vcs-python/vcspull,2024-07,exact_match,408b5e3049457b66eb0ad219cf7936b7552abfd5,408b5e3049457b66eb0ad219cf7936b7552abfd5,ncloc_identical,code_smells,15.0,22.0,7.0,7.0
treatment,vcs-python/vcspull,2024-09,exact_match,88a709b6dfba07041136fe23596654ac042fd1d8,88a709b6dfba07041136fe23596654ac042fd1d8,ncloc_identical,code_smells,15.0,22.0,7.0,7.0
treatment,discus0434/nook,2025-04,exact_match,93a9b79409fbfd36c57e68b085dd6cea448d11a2,93a9b79409fbfd36c57e68b085dd6cea448d11a2,ncloc_identical,code_smells,16.0,23.0,7.0,7.0
treatment,sirkirby/unifi-network-rules,2024-11,exact_match,9cf9d3176f67c1d5a31f6351546acb3d03dcb086,9cf9d3176f67c1d5a31f6351546acb3d03dcb086,ncloc_identical,code_smells,10.0,17.0,7.0,7.0
treatment,jmurth1234/ClaudePlayer,2025-03,exact_match,aa32d533362ab550e93e5febb504b5e33c17698f,aa32d533362ab550e93e5febb504b5e33c17698f,ncloc_identical,code_smells,13.0,20.0,7.0,7.0
treatment,allthingslinux/tux,2024-09,exact_match,ea792d20b651b5af420c098a61bf847747894356,ea792d20b651b5af420c098a61bf847747894356,ncloc_identical,code_smells,51.0,58.0,7.0,7.0
treatment,vcs-python/vcspull,2024-12,exact_match,47fa1a4372fd0f4efbd010bfc66508474cce0095,47fa1a4372fd0f4efbd010bfc66508474cce0095,ncloc_identical,code_smells,15.0,22.0,7.0,7.0
control,yoongi43/music_audio_enhancement_conformer,2025-03,exact_match,13e6e3452bbff16ec810b9c074c466b2e4abcf4a,13e6e3452bbff16ec810b9c074c466b2e4abcf4a,ncloc_identical,code_smells,76.0,83.0,7.0,7.0
treatment,vcs-python/vcspull,2024-03,exact_match,cd39fa9d326a355239b2f819813f5dce4aee34a9,cd39fa9d326a355239b2f819813f5dce4aee34a9,ncloc_identical,code_smells,15.0,22.0,7.0,7.0
treatment,vcs-python/vcspull,2024-10,exact_match,1b2107480a259ec72e6c7b150f3551a79bbfd47d,1b2107480a259ec72e6c7b150f3551a79bbfd47d,ncloc_identical,code_smells,15.0,22.0,7.0,7.0
control,MalevichAI/malevich,2024-02,exact_match,8d00a09bdea9ad1093cd060c310fc3c8d88fbc93,8d00a09bdea9ad1093cd060c310fc3c8d88fbc93,ncloc_identical,code_smells,231.0,238.0,7.0,7.0
treatment,vcs-python/vcspull,2024-11,exact_match,b264d577fb8b4da0ff776a1ab7d6360c2cdc99a0,b264d577fb8b4da0ff776a1ab7d6360c2cdc99a0,ncloc_identical,code_smells,15.0,22.0,7.0,7.0
control,MalevichAI/malevich,2024-01,exact_match,63716964c10436377f3ac5e6413ce729bd48fe73,63716964c10436377f3ac5e6413ce729bd48fe73,ncloc_identical,code_smells,204.0,211.0,7.0,7.0
treatment,vcs-python/vcspull,2024-04,exact_match,9705eebd0b00153946f920d47b8ff8a3b9a91719,9705eebd0b00153946f920d47b8ff8a3b9a91719,ncloc_identical,code_smells,15.0,22.0,7.0,7.0
control,VirtualFlow/VFVS,2025-08,exact_match,1b9eb391aaf36f2d58c1ea8e184e9d5d8c44018d,1b9eb391aaf36f2d58c1ea8e184e9d5d8c44018d,ncloc_identical,code_smells,28.0,35.0,7.0,7.0
control,dimatura/pypcd,2024-07,exact_match,6321080f704d3fa331b6b244daf55a6d774212f8,6321080f704d3fa331b6b244daf55a6d774212f8,ncloc_identical,code_smells,79.0,86.0,7.0,7.0
control,dimatura/pypcd,2024-06,exact_match,b8ce5f2af38b16e549ccadbe54459501761933ab,b8ce5f2af38b16e549ccadbe54459501761933ab,ncloc_identical,code_smells,79.0,86.0,7.0,7.0
control,yoongi43/music_audio_enhancement_conformer,2024-06,exact_match,06d103859f8ab290514bfaa6ef5b6d4e8645b665,06d103859f8ab290514bfaa6ef5b6d4e8645b665,ncloc_identical,code_smells,77.0,84.0,7.0,7.0
treatment,allthingslinux/tux,2024-12,exact_match,1d6931fafc0b97c8897a2a4c8c47edb2497955c6,1d6931fafc0b97c8897a2a4c8c47edb2497955c6,ncloc_identical,code_smells,47.0,54.0,7.0,7.0
control,PiotrMachowski/Home-Assistant-custom-components-TGE,2025-08,exact_match,b6b8f353c03bd5af9d5de6b9c78f1285a8767f45,b6b8f353c03bd5af9d5de6b9c78f1285a8767f45,ncloc_identical,code_smells,6.0,13.0,7.0,7.0
treatment,allthingslinux/tux,2024-11,exact_match,6a3dbce16c6811c0ba167974c059fcb01da6aad8,6a3dbce16c6811c0ba167974c059fcb01da6aad8,ncloc_identical,code_smells,47.0,54.0,7.0,7.0
treatment,allthingslinux/tux,2024-10,exact_match,a46bae3a3df8426679e944fdd862b8cb0081c639,a46bae3a3df8426679e944fdd862b8cb0081c639,ncloc_identical,code_smells,49.0,56.0,7.0,7.0
treatment,vcs-python/vcspull,2024-08,exact_match,61c135bc95540e9ef19b266a08697e3315a34b62,61c135bc95540e9ef19b266a08697e3315a34b62,ncloc_identical,code_smells,15.0,22.0,7.0,7.0
treatment,vcs-python/vcspull,2024-06,exact_match,ad50e8adee950e0aa0d56ac20841767565ff692e,ad50e8adee950e0aa0d56ac20841767565ff692e,ncloc_identical,code_smells,15.0,22.0,7.0,7.0
control,yoongi43/music_audio_enhancement_conformer,2025-01,exact_match,c2ff1e0c58123c2c8dd37f62a817788f06e29010,c2ff1e0c58123c2c8dd37f62a817788f06e29010,ncloc_identical,code_smells,77.0,84.0,7.0,7.0
control,aws/nova-act,2025-03,exact_match,0166b77440414fa4722ba2a00bd4efb53b8b0284,0166b77440414fa4722ba2a00bd4efb53b8b0284,ncloc_identical,code_smells,16.0,22.0,6.0,6.0
treatment,sirkirby/unifi-network-rules,2025-01,exact_match,f359e4ebe8bdaeaf25ae516176b50849adab845a,f359e4ebe8bdaeaf25ae516176b50849adab845a,ncloc_identical,code_smells,10.0,16.0,6.0,6.0
control,LuneMods/KCD2-Blender-Toolkit,2025-03,exact_match,c335231561e1327a43f7aac66357232fa83ee545,c335231561e1327a43f7aac66357232fa83ee545,ncloc_identical,code_smells,272.0,278.0,6.0,6.0
control,LuneMods/KCD2-Blender-Toolkit,2025-02,exact_match,9bbb606215b45b26e20f214ef65359d3a0d561f3,9bbb606215b45b26e20f214ef65359d3a0d561f3,ncloc_identical,code_smells,266.0,272.0,6.0,6.0
treatment,allthingslinux/tux,2025-01,exact_match,26176b891bf2d30d928860c5e7b6d7eef6e3dd21,26176b891bf2d30d928860c5e7b6d7eef6e3dd21,ncloc_identical,code_smells,49.0,55.0,6.0,6.0
treatment,ilanbenb/wa_llm,2025-05,exact_match,8c7e98c7ccee4d5c20edff419c00fff7c76c5810,8c7e98c7ccee4d5c20edff419c00fff7c76c5810,ncloc_identical,code_smells,16.0,22.0,6.0,6.0
treatment,leettools-dev/leettools,2025-01,exact_match,c004b03a63f7aca6e384d56c2e9b3b4b06027a8c,c004b03a63f7aca6e384d56c2e9b3b4b06027a8c,ncloc_identical,code_smells,502.0,508.0,6.0,6.0
treatment,xzq-xu/jvm-mcp-server,2025-06,exact_match,6f879f87da4485a8c1f0bd274899068c0e5da28d,6f879f87da4485a8c1f0bd274899068c0e5da28d,ncloc_identical,code_smells,22.0,28.0,6.0,6.0
treatment,VRSEN/agency-voice-interface,2025-01,exact_match,2d9d39ce02d9cb9628e8de79b3543fe05885ad42,2d9d39ce02d9cb9628e8de79b3543fe05885ad42,ncloc_identical,code_smells,23.0,28.0,5.0,5.0
treatment,allthingslinux/tux,2024-08,exact_match,d11688b8e8d558f92f2151e9a9cc6b1e1941acb8,d11688b8e8d558f92f2151e9a9cc6b1e1941acb8,ncloc_identical,code_smells,39.0,44.0,5.0,5.0
treatment,cohnen/mcp-google-ads,2025-08,exact_match,c028ad994d96eea4fcd4301938e895c70d43cd6c,c028ad994d96eea4fcd4301938e895c70d43cd6c,ncloc_identical,code_smells,15.0,20.0,5.0,5.0
control,Wang-ML-Lab/unified-continual-learning,2025-01,exact_match,b631651a1bc8e408cbf4d94bb3f4abb494c7b953,b631651a1bc8e408cbf4d94bb3f4abb494c7b953,ncloc_identical,code_smells,102.0,107.0,5.0,5.0
control,PiotrMachowski/Home-Assistant-custom-components-TGE,2025-04,exact_match,2f4f5562fdac037052a12d34976b1b2bcf691a6f,2f4f5562fdac037052a12d34976b1b2bcf691a6f,ncloc_identical,code_smells,6.0,11.0,5.0,5.0
treatment,ilanbenb/wa_llm,2025-02,exact_match,6fccd35c2eee2f8e7dab67de2a8705d52095eae4,6fccd35c2eee2f8e7dab67de2a8705d52095eae4,ncloc_identical,code_smells,22.0,27.0,5.0,5.0
treatment,VRSEN/agency-voice-interface,2024-11,exact_match,07918baab9d7be443e9ecf5d2244a5885ca32290,07918baab9d7be443e9ecf5d2244a5885ca32290,ncloc_identical,code_smells,23.0,28.0,5.0,5.0
treatment,ilanbenb/wa_llm,2025-03,exact_match,a77b929194f2e873ba5771c3b5abe71e6d02ff55,a77b929194f2e873ba5771c3b5abe71e6d02ff55,ncloc_identical,code_smells,17.0,22.0,5.0,5.0
treatment,ilanbenb/wa_llm,2025-04,exact_match,8d1e8ee7508420b67f54bcb0c64941d964d17c91,8d1e8ee7508420b67f54bcb0c64941d964d17c91,ncloc_identical,code_smells,17.0,22.0,5.0,5.0
treatment,instructor-ai/instructor,2025-05,exact_match,fe151f49267ea90c8a1f660df2c01e51520ae360,fe151f49267ea90c8a1f660df2c01e51520ae360,ncloc_identical,code_smells,155.0,160.0,5.0,5.0
treatment,yeagerai/genlayer-studio,2024-03,exact_match,417fc9b162412b9fd9b4064d04dfc33bc86926c8,417fc9b162412b9fd9b4064d04dfc33bc86926c8,ncloc_identical,code_smells,35.0,40.0,5.0,5.0
treatment,yagami1997/CursorMind,2025-03,exact_match,c85ceaa15e0371c4ec4ca426fdd9f2609287efe7,c85ceaa15e0371c4ec4ca426fdd9f2609287efe7,ncloc_identical,code_smells,26.0,31.0,5.0,5.0
control,PiotrMachowski/Home-Assistant-custom-components-TGE,2024-10,exact_match,491258091d67efcaabb8a07b243761d431720f19,491258091d67efcaabb8a07b243761d431720f19,ncloc_identical,code_smells,5.0,10.0,5.0,5.0
control,2019211474/DL-NASA-SOH-CNN-BILSTM-Attention,2025-03,exact_match,2155b95284b5e4bfb02cc6aaf00914eafbdcad07,2155b95284b5e4bfb02cc6aaf00914eafbdcad07,ncloc_identical,code_smells,62.0,67.0,5.0,5.0
treatment,vcs-python/vcspull,2024-01,exact_match,bf2c6914925875400e478c899e8435496dacfb06,bf2c6914925875400e478c899e8435496dacfb06,ncloc_identical,code_smells,21.0,26.0,5.0,5.0
treatment,sirkirby/unifi-network-rules,2024-12,exact_match,7ecc60de7672efe69ea0872ce26ddb9401d057e3,7ecc60de7672efe69ea0872ce26ddb9401d057e3,ncloc_identical,code_smells,9.0,14.0,5.0,5.0
treatment,Kiln-AI/Kiln,2025-02,exact_match,19d3c934771e762e031503d6a69625560bb990d4,19d3c934771e762e031503d6a69625560bb990d4,ncloc_identical,code_smells,152.0,157.0,5.0,5.0
control,PiotrMachowski/Home-Assistant-custom-components-TGE,2024-11,exact_match,d4c725c5d719a446ed11b0ad1e33a6776980aa68,d4c725c5d719a446ed11b0ad1e33a6776980aa68,ncloc_identical,code_smells,5.0,10.0,5.0,5.0
control,PiotrMachowski/Home-Assistant-custom-components-TGE,2024-12,exact_match,406613917b744b0432f8fdaa6e366e1861e7b973,406613917b744b0432f8fdaa6e366e1861e7b973,ncloc_identical,code_smells,5.0,10.0,5.0,5.0
control,PiotrMachowski/Home-Assistant-custom-components-TGE,2025-01,exact_match,113a30a33770fc1166a276de61a9dd6d08fcebb2,113a30a33770fc1166a276de61a9dd6d08fcebb2,ncloc_identical,code_smells,6.0,11.0,5.0,5.0
treatment,smartian1/tgtrader,2024-12,exact_match,3c8708fa225b77637ff726318b00cd14a351e7c4,3c8708fa225b77637ff726318b00cd14a351e7c4,ncloc_identical,code_smells,88.0,93.0,5.0,5.0
treatment,vietanhdev/anylabeling,2025-04,exact_match,a1c10f4319271508c153f95d850e4ebe643e19f5,a1c10f4319271508c153f95d850e4ebe643e19f5,ncloc_identical,code_smells,52.0,57.0,5.0,5.0
treatment,vietanhdev/anylabeling,2025-05,exact_match,a21f0d6009859733abe06ccf2600b4271e844d75,a21f0d6009859733abe06ccf2600b4271e844d75,ncloc_identical,code_smells,53.0,58.0,5.0,5.0
control,NVIDIA/cuEquivariance,2024-11,exact_match,f4b52be1a6b7e4666978a6a8499a21e5ee29ecd6,f4b52be1a6b7e4666978a6a8499a21e5ee29ecd6,ncloc_identical,code_smells,270.0,275.0,5.0,5.0
treatment,lss233/kirara-ai,2025-02,exact_match,e3f9f4ee52116b858fa36d0ce7d7a91a6db7751a,e3f9f4ee52116b858fa36d0ce7d7a91a6db7751a,ncloc_identical,code_smells,70.0,75.0,5.0,5.0
treatment,VRSEN/agency-voice-interface,2024-10,exact_match,4bc9c9f739d2f776e38c7317051bd3153d54aaa2,4bc9c9f739d2f776e38c7317051bd3153d54aaa2,ncloc_identical,code_smells,23.0,28.0,5.0,5.0
control,zeyangsha/De-Fake,2024-05,exact_match,96989eb2ad4896a44394abda359179dffa324537,96989eb2ad4896a44394abda359179dffa324537,ncloc_identical,code_smells,90.0,94.0,4.0,4.0
control,PiotrMachowski/Home-Assistant-custom-components-TGE,2024-08,exact_match,b41e7abb05f44358d79a837ad75bd52c5111cf30,b41e7abb05f44358d79a837ad75bd52c5111cf30,ncloc_identical,code_smells,4.0,8.0,4.0,4.0
control,infected4098/Wave-U-Mamba,2024-12,exact_match,ab4c34a5d55064c3c3a39690d04ddf667156eb18,ab4c34a5d55064c3c3a39690d04ddf667156eb18,ncloc_identical,code_smells,62.0,66.0,4.0,4.0
control,infected4098/Wave-U-Mamba,2024-10,exact_match,72a274301a3db93ea802a55fb57cb8b1fc795977,72a274301a3db93ea802a55fb57cb8b1fc795977,ncloc_identical,code_smells,62.0,66.0,4.0,4.0
control,infected4098/Wave-U-Mamba,2024-09,exact_match,cc4e824d893a2efff44332e3c45444b929aa3eb2,cc4e824d893a2efff44332e3c45444b929aa3eb2,ncloc_identical,code_smells,62.0,66.0,4.0,4.0
control,evermoving/SystemCaptioner,2025-08,exact_match,716ddee7066c125ca3bc3193d7eee37bd0eef006,716ddee7066c125ca3bc3193d7eee37bd0eef006,ncloc_identical,code_smells,4.0,8.0,4.0,4.0
treatment,sirkirby/unifi-network-rules,2024-09,exact_match,f39942626fa3a5ffce9810732aa94fefca659720,f39942626fa3a5ffce9810732aa94fefca659720,ncloc_identical,code_smells,5.0,9.0,4.0,4.0
control,bobokun/actualtap-py,2024-11,exact_match,f18a4b2af590b5fcdc9fbfb576acba83448f4a7e,f18a4b2af590b5fcdc9fbfb576acba83448f4a7e,ncloc_identical,code_smells,2.0,6.0,4.0,4.0
control,bobokun/actualtap-py,2025-08,exact_match,ed5e4f556aa1a459c8cca67343262d890a2f8cbf,ed5e4f556aa1a459c8cca67343262d890a2f8cbf,ncloc_identical,code_smells,2.0,6.0,4.0,4.0
control,bobokun/actualtap-py,2024-12,exact_match,9a1766dde5ccaec881ea3622d317c24075657f3c,9a1766dde5ccaec881ea3622d317c24075657f3c,ncloc_identical,code_smells,2.0,6.0,4.0,4.0
control,zeyangsha/De-Fake,2025-06,exact_match,7584f06d4fd81416b4f7eef68f45aaeb39119c8c,7584f06d4fd81416b4f7eef68f45aaeb39119c8c,ncloc_identical,code_smells,90.0,94.0,4.0,4.0
control,taylorwilsdon/open-webui-tools,2025-05,exact_match,53921eb17c310df70a46d641564b60453f053a23,53921eb17c310df70a46d641564b60453f053a23,ncloc_identical,code_smells,13.0,17.0,4.0,4.0
control,viktoriasemaan/sa-ai-agent,2024-08,exact_match,56f53e459710190f3ccff4add4deabd2f1703904,56f53e459710190f3ccff4add4deabd2f1703904,ncloc_identical,code_smells,5.0,9.0,4.0,4.0
control,viktoriasemaan/sa-ai-agent,2024-10,exact_match,0940e9cb6507fec46df6502f341dc81a103a6aa7,0940e9cb6507fec46df6502f341dc81a103a6aa7,ncloc_identical,code_smells,1.0,5.0,4.0,4.0
control,nhw649/EOV-Seg,2024-12,exact_match,6f5e93e9aca6ccae89fe492b24018f8530075fc4,6f5e93e9aca6ccae89fe492b24018f8530075fc4,ncloc_identical,code_smells,81.0,85.0,4.0,4.0
control,nhw649/EOV-Seg,2024-06,exact_match,4de5dcb2128e6e50f79f5ded68f7963dd95dbcf1,4de5dcb2128e6e50f79f5ded68f7963dd95dbcf1,ncloc_identical,code_smells,80.0,84.0,4.0,4.0
control,nhw649/EOV-Seg,2024-08,exact_match,9d764139507456d44f9d89abb838f1b569fa9b7e,9d764139507456d44f9d89abb838f1b569fa9b7e,ncloc_identical,code_smells,80.0,84.0,4.0,4.0
control,evermoving/SystemCaptioner,2024-12,exact_match,18f1e1f14cd8e24fa0460992e4a6a202590a0248,18f1e1f14cd8e24fa0460992e4a6a202590a0248,ncloc_identical,code_smells,4.0,8.0,4.0,4.0
control,infected4098/Wave-U-Mamba,2025-02,exact_match,7e34edb139b94658fa0f48826fd4675671c178c8,7e34edb139b94658fa0f48826fd4675671c178c8,ncloc_identical,code_smells,62.0,66.0,4.0,4.0
control,infected4098/Wave-U-Mamba,2025-05,exact_match,b46278aba1466033350f5c08a90a729dc86f5fd6,b46278aba1466033350f5c08a90a729dc86f5fd6,ncloc_identical,code_smells,62.0,66.0,4.0,4.0
control,infected4098/Wave-U-Mamba,2025-06,exact_match,46ef1bca128877f71d6f45272f3e4c3ffe6c7c1d,46ef1bca128877f71d6f45272f3e4c3ffe6c7c1d,ncloc_identical,code_smells,62.0,66.0,4.0,4.0
control,infected4098/Wave-U-Mamba,2025-08,exact_match,aad5111d1c0a6825c5749aab2553388646a9acb1,aad5111d1c0a6825c5749aab2553388646a9acb1,ncloc_identical,code_smells,62.0,66.0,4.0,4.0
control,evermoving/SystemCaptioner,2024-10,exact_match,c5762086616c0245b93b8cac9116bd65b0f26aae,c5762086616c0245b93b8cac9116bd65b0f26aae,ncloc_identical,code_smells,3.0,7.0,4.0,4.0
control,evermoving/SystemCaptioner,2024-11,exact_match,98a629b7776ba2a9e1b0d136d6844544f4b7a24d,98a629b7776ba2a9e1b0d136d6844544f4b7a24d,ncloc_identical,code_smells,4.0,8.0,4.0,4.0
control,bobokun/actualtap-py,2025-01,exact_match,8aff825b3c669e457f84a2a319c45c17ebc1c3d9,8aff825b3c669e457f84a2a319c45c17ebc1c3d9,ncloc_identical,code_smells,2.0,6.0,4.0,4.0
control,bobokun/actualtap-py,2025-05,exact_match,cb10f3fb24b0bd412ef6f86b7d3c20701e38a163,cb10f3fb24b0bd412ef6f86b7d3c20701e38a163,ncloc_identical,code_smells,2.0,6.0,4.0,4.0
control,bobokun/actualtap-py,2025-06,exact_match,995bef727f592aa9edd92801e9d1f401b760c67f,995bef727f592aa9edd92801e9d1f401b760c67f,ncloc_identical,code_smells,2.0,6.0,4.0,4.0
control,bobokun/actualtap-py,2025-07,exact_match,eb7fac7e0328535a7df8956bee346324bc5045d8,eb7fac7e0328535a7df8956bee346324bc5045d8,ncloc_identical,code_smells,2.0,6.0,4.0,4.0
treatment,MDGrey33/pyvisionai,2025-02,exact_match,da23f86e12e6576f5f65bf39f32f424896d853b3,da23f86e12e6576f5f65bf39f32f424896d853b3,ncloc_identical,code_smells,27.0,31.0,4.0,4.0
treatment,VRSEN/agency-swarm,2024-02,exact_match,cb885ab6cac83cc2bdaa1fd3a854b6f4992228b1,cb885ab6cac83cc2bdaa1fd3a854b6f4992228b1,ncloc_identical,code_smells,93.0,97.0,4.0,4.0
treatment,W1ndys/Blog,2024-03,exact_match,33e51494323b2f01186f3023afd927502664e71e,33e51494323b2f01186f3023afd927502664e71e,ncloc_identical,code_smells,27.0,31.0,4.0,4.0
control,bobokun/actualtap-py,2025-02,exact_match,91d4301414af6c64524a732f970daf5cad50ff1b,91d4301414af6c64524a732f970daf5cad50ff1b,ncloc_identical,code_smells,2.0,6.0,4.0,4.0
control,bobokun/actualtap-py,2025-03,exact_match,594fc8def9e8fc43de05b1c60d6d6c1328418b2d,594fc8def9e8fc43de05b1c60d6d6c1328418b2d,ncloc_identical,code_smells,2.0,6.0,4.0,4.0
control,bobokun/actualtap-py,2025-04,exact_match,5da960399e0af62f7fe967931cd7ab754bc166f8,5da960399e0af62f7fe967931cd7ab754bc166f8,ncloc_identical,code_smells,2.0,6.0,4.0,4.0
treatment,Elevate-Code/better-voice-typing,2025-07,exact_match,b346834d9ba6d8c69f92d86158cf2b8ee6b4084d,b346834d9ba6d8c69f92d86158cf2b8ee6b4084d,ncloc_identical,code_smells,19.0,23.0,4.0,4.0
control,yihozhang/most-influential-pl-papers,2025-01,exact_match,cd397fb86c16b68e2dfafc7f74667b492be74a1d,cd397fb86c16b68e2dfafc7f74667b492be74a1d,ncloc_identical,code_smells,1.0,5.0,4.0,4.0
control,MalevichAI/malevich,2024-03,exact_match,fa65da712ea11d1a3573737dc4356ca5050928d3,fa65da712ea11d1a3573737dc4356ca5050928d3,ncloc_identical,code_smells,258.0,262.0,4.0,4.0
control,ITSpecialist111/ai_automation_suggester,2024-10,exact_match,6655ee3ccea170555d9d968db3a1f0c4b761bdda,6655ee3ccea170555d9d968db3a1f0c4b761bdda,ncloc_identical,code_smells,1.0,5.0,4.0,4.0
control,djeada/Kurs-Podstaw-Pythona,2024-03,exact_match,9607373ba86b30cf636052dd9b55498064b3c8f8,9607373ba86b30cf636052dd9b55498064b3c8f8,ncloc_identical,code_smells,87.0,90.0,3.0,3.0
control,jrowellfx/lsseq,2025-07,exact_match,b7c7717552b933edf0f4ce3874b7070178240964,b7c7717552b933edf0f4ce3874b7070178240964,ncloc_identical,code_smells,128.0,131.0,3.0,3.0
treatment,Elevate-Code/better-voice-typing,2025-06,exact_match,b2c1fb94b85d91156f3d63587812a0ff1b644e51,b2c1fb94b85d91156f3d63587812a0ff1b644e51,ncloc_identical,code_smells,18.0,21.0,3.0,3.0
control,djeada/Kurs-Podstaw-Pythona,2024-09,exact_match,827fc8be3749d84001b16eed3fd87f16444aafa9,827fc8be3749d84001b16eed3fd87f16444aafa9,ncloc_identical,code_smells,88.0,91.0,3.0,3.0
control,djeada/Kurs-Podstaw-Pythona,2024-10,exact_match,b4d61b22c3462726f3be93901abb607b95201578,b4d61b22c3462726f3be93901abb607b95201578,ncloc_identical,code_smells,88.0,91.0,3.0,3.0
control,djeada/Kurs-Podstaw-Pythona,2025-01,exact_match,f8c8f45ea09e9fe28d91c9841108a04ee267bd31,f8c8f45ea09e9fe28d91c9841108a04ee267bd31,ncloc_identical,code_smells,88.0,91.0,3.0,3.0
control,djeada/Kurs-Podstaw-Pythona,2024-08,exact_match,a95e0316c23821dad349a60a0bbc6effa22738dc,a95e0316c23821dad349a60a0bbc6effa22738dc,ncloc_identical,code_smells,88.0,91.0,3.0,3.0
control,bropines/chrome-lens-py,2024-10,exact_match,fd01ef9d479704ebf3b40ed2d84e650d14fa385f,fd01ef9d479704ebf3b40ed2d84e650d14fa385f,ncloc_identical,code_smells,6.0,9.0,3.0,3.0
treatment,Scrapybara/codecapy,2025-01,exact_match,aaf4eb1efe460f71c8ed50794b33fa19ce54b77e,aaf4eb1efe460f71c8ed50794b33fa19ce54b77e,ncloc_identical,code_smells,10.0,13.0,3.0,3.0
control,bobokun/actualtap-py,2024-10,exact_match,0a0b9f8b3074166a662f745379a4eaec7e2286c4,0a0b9f8b3074166a662f745379a4eaec7e2286c4,ncloc_identical,code_smells,1.0,4.0,3.0,3.0
treatment,vietanhdev/anylabeling,2024-10,exact_match,6d8a3daa3966f3f36c5a7e41511c884353434645,6d8a3daa3966f3f36c5a7e41511c884353434645,ncloc_identical,code_smells,41.0,44.0,3.0,3.0
control,bobokun/actualtap-py,2024-07,exact_match,a5fcb921ad47b516b36cca41ecfe36142cb0fcd0,a5fcb921ad47b516b36cca41ecfe36142cb0fcd0,ncloc_identical,code_smells,1.0,4.0,3.0,3.0
control,bobokun/actualtap-py,2024-08,exact_match,45a1dfead973828b1e14187cc7c95496522eb0ba,45a1dfead973828b1e14187cc7c95496522eb0ba,ncloc_identical,code_smells,1.0,4.0,3.0,3.0
control,bobokun/actualtap-py,2024-09,exact_match,a26e3c46adf6f1fab7f983a855d535a043c9d0f1,a26e3c46adf6f1fab7f983a855d535a043c9d0f1,ncloc_identical,code_smells,1.0,4.0,3.0,3.0
control,djeada/Kurs-Podstaw-Pythona,2024-04,exact_match,8d0e9de1f09397589f384c78867e9595e1ef56f1,8d0e9de1f09397589f384c78867e9595e1ef56f1,ncloc_identical,code_smells,87.0,90.0,3.0,3.0
control,djeada/Kurs-Podstaw-Pythona,2024-11,exact_match,379390701baddbf36fa5be1cde3dc979fc3bcd7a,379390701baddbf36fa5be1cde3dc979fc3bcd7a,ncloc_identical,code_smells,88.0,91.0,3.0,3.0
control,djeada/Kurs-Podstaw-Pythona,2024-12,exact_match,09b1533f92ef06b3bfbf03137e462fcb1db1dd9b,09b1533f92ef06b3bfbf03137e462fcb1db1dd9b,ncloc_identical,code_smells,88.0,91.0,3.0,3.0
treatment,MDGrey33/pyvisionai,2025-01,exact_match,d8734a74c827d45abd29ea748b738afb2499b512,d8734a74c827d45abd29ea748b738afb2499b512,ncloc_identical,code_smells,25.0,28.0,3.0,3.0
control,djeada/Kurs-Podstaw-Pythona,2024-05,exact_match,da69156ef45034b6c2915d452d409370b56a64b1,da69156ef45034b6c2915d452d409370b56a64b1,ncloc_identical,code_smells,87.0,90.0,3.0,3.0
control,jrowellfx/lsseq,2025-06,exact_match,51a5dda0792e4fef5cf285a40c1fdc82632c7392,51a5dda0792e4fef5cf285a40c1fdc82632c7392,ncloc_identical,code_smells,106.0,109.0,3.0,3.0
treatment,VRSEN/agency-swarm,2024-01,exact_match,9c7301539aed37d5e02e8fd9503d388c2cc3cb42,9c7301539aed37d5e02e8fd9503d388c2cc3cb42,ncloc_identical,code_smells,90.0,93.0,3.0,3.0
treatment,VRSEN/agency-swarm,2024-09,exact_match,f7d31f6c3adc7643c7cd2a8ecf179727eb472c4c,f7d31f6c3adc7643c7cd2a8ecf179727eb472c4c,ncloc_identical,code_smells,163.0,166.0,3.0,3.0
control,djeada/Kurs-Podstaw-Pythona,2025-05,exact_match,3f1204f499a377135708d6d85a82de2caf1b297a,3f1204f499a377135708d6d85a82de2caf1b297a,ncloc_identical,code_smells,88.0,91.0,3.0,3.0
control,PhilNad/robot-arm-kinematic-calibration,2025-03,exact_match,0f26b06be69ce3d41d97d259aef577831d7fc741,0f26b06be69ce3d41d97d259aef577831d7fc741,ncloc_identical,code_smells,36.0,39.0,3.0,3.0
treatment,vietanhdev/anylabeling,2024-06,exact_match,aedc8913d5f5a574a834848a59ecd6e36f72bdc7,aedc8913d5f5a574a834848a59ecd6e36f72bdc7,ncloc_identical,code_smells,42.0,45.0,3.0,3.0
treatment,vietanhdev/anylabeling,2024-07,exact_match,f6706aaa71f3ec5a19087b7981e1e2c799dae179,f6706aaa71f3ec5a19087b7981e1e2c799dae179,ncloc_identical,code_smells,42.0,45.0,3.0,3.0
treatment,lss233/kirara-ai,2025-01,exact_match,8120f39cf29bcfefd71c5b7d6a88899ab957e211,8120f39cf29bcfefd71c5b7d6a88899ab957e211,ncloc_identical,code_smells,12.0,15.0,3.0,3.0
control,djeada/Kurs-Podstaw-Pythona,2024-07,exact_match,de9119d575258c086ce84309850295f498da46cd,de9119d575258c086ce84309850295f498da46cd,ncloc_identical,code_smells,88.0,91.0,3.0,3.0
treatment,vietanhdev/anylabeling,2024-11,exact_match,afe91d3dac0a077d6c3629d50b14630bfc124ab3,afe91d3dac0a077d6c3629d50b14630bfc124ab3,ncloc_identical,code_smells,41.0,44.0,3.0,3.0
treatment,vietanhdev/anylabeling,2024-08,exact_match,b7a3c925d565be1007bc41df662ec9cd578bc6cb,b7a3c925d565be1007bc41df662ec9cd578bc6cb,ncloc_identical,code_smells,41.0,44.0,3.0,3.0
control,taylorwilsdon/open-webui-tools,2025-03,exact_match,510cbf0c66b775568e31bb2ce595435915c1f2f0,510cbf0c66b775568e31bb2ce595435915c1f2f0,ncloc_identical,code_smells,9.0,12.0,3.0,3.0
treatment,cohnen/mcp-google-ads,2025-04,exact_match,557a40ed6371b18a225d0564829648e4014461d6,557a40ed6371b18a225d0564829648e4014461d6,ncloc_identical,code_smells,15.0,18.0,3.0,3.0
control,jrowellfx/lsseq,2025-02,exact_match,67c18e755dfa7d4a4dd13d42d2220decd4c14003,67c18e755dfa7d4a4dd13d42d2220decd4c14003,ncloc_identical,code_smells,106.0,109.0,3.0,3.0
control,jrowellfx/lsseq,2025-03,exact_match,abeb578da7493eab66fb57a4838c9964215eff09,abeb578da7493eab66fb57a4838c9964215eff09,ncloc_identical,code_smells,106.0,109.0,3.0,3.0
control,jrowellfx/lsseq,2025-05,exact_match,aa7bae917c7d060107eae29b3c6917cd9395781a,aa7bae917c7d060107eae29b3c6917cd9395781a,ncloc_identical,code_smells,106.0,109.0,3.0,3.0
control,djeada/Kurs-Podstaw-Pythona,2024-06,exact_match,d0ac209a9a3c79873be165cc068315b6ed9d8af8,d0ac209a9a3c79873be165cc068315b6ed9d8af8,ncloc_identical,code_smells,88.0,91.0,3.0,3.0
treatment,raphaelmansuy/code2prompt,2024-12,exact_match,2730fb1b6d143bb1d0adae2f0fbf18ddf1aecc20,2730fb1b6d143bb1d0adae2f0fbf18ddf1aecc20,ncloc_identical,code_smells,19.0,21.0,2.0,2.0
control,Retmon403/cs2_cheats_for_python,2024-02,exact_match,777c1af08b2489f91e735a93fca2cf4f0f0e0b10,777c1af08b2489f91e735a93fca2cf4f0f0e0b10,ncloc_identical,code_smells,3208.0,3210.0,2.0,2.0
control,Retmon403/cs2_cheats_for_python,2025-03,exact_match,a5b73bc8014e3bf68867c4fb0a48f2609678349b,a5b73bc8014e3bf68867c4fb0a48f2609678349b,ncloc_identical,code_smells,91.0,93.0,2.0,2.0
control,Retmon403/cs2_cheats_for_python,2024-08,exact_match,1732104c3490e152e94b4c7b528a72bc4fd21d79,1732104c3490e152e94b4c7b528a72bc4fd21d79,ncloc_identical,code_smells,91.0,93.0,2.0,2.0
control,Retmon403/cs2_cheats_for_python,2024-03,exact_match,da0af66b555ac0c0dc0811d1f4d9abd24d9b6dc3,da0af66b555ac0c0dc0811d1f4d9abd24d9b6dc3,ncloc_identical,code_smells,3208.0,3210.0,2.0,2.0
control,adelatour11/androidtvbackground,2024-06,exact_match,ff3845ffb8172920c0c224052b77fa81708c463e,ff3845ffb8172920c0c224052b77fa81708c463e,ncloc_identical,code_smells,18.0,20.0,2.0,2.0
control,adelatour11/androidtvbackground,2024-05,exact_match,643fc587f6a4462f0c0402be899059877cbf3df9,643fc587f6a4462f0c0402be899059877cbf3df9,ncloc_identical,code_smells,15.0,17.0,2.0,2.0
control,adelatour11/androidtvbackground,2024-04,exact_match,9d6dbd6cba861bff31a2d39c2acfd4f71f2010e7,9d6dbd6cba861bff31a2d39c2acfd4f71f2010e7,ncloc_identical,code_smells,16.0,18.0,2.0,2.0
control,thefatedefeater/V2ray-Config,2024-08,exact_match,e9dd2c850775f49050f71fad152907956ae98b46,e9dd2c850775f49050f71fad152907956ae98b46,ncloc_identical,code_smells,2.0,4.0,2.0,2.0
treatment,raphaelmansuy/code2prompt,2025-01,exact_match,699eae91a5bf67dc5ab6df23fd1b2c665eb20034,699eae91a5bf67dc5ab6df23fd1b2c665eb20034,ncloc_identical,code_smells,19.0,21.0,2.0,2.0
control,dromara/domain-admin,2024-01,exact_match,018861d9645ed015717a1875fdf446c30289f51a,018861d9645ed015717a1875fdf446c30289f51a,ncloc_identical,code_smells,322.0,324.0,2.0,2.0
treatment,VRSEN/agency-swarm,2024-07,exact_match,a85ce7e413902b0852cf2a33e99744ca1bcacea7,a85ce7e413902b0852cf2a33e99744ca1bcacea7,ncloc_identical,code_smells,158.0,160.0,2.0,2.0
control,C4NU/Paddie,2024-01,exact_match,af78d9ca13262dfd0eb4a863bd582284ea452fab,af78d9ca13262dfd0eb4a863bd582284ea452fab,ncloc_identical,code_smells,72.0,74.0,2.0,2.0
control,C4NU/Paddie,2024-02,exact_match,d3420b46f68925d6f95c5353d0a4a279ae49d00f,d3420b46f68925d6f95c5353d0a4a279ae49d00f,ncloc_identical,code_smells,76.0,78.0,2.0,2.0
treatment,instructor-ai/instructor,2025-06,exact_match,05de0f3548ee318f5cb9d9a010cef027147b7443,05de0f3548ee318f5cb9d9a010cef027147b7443,ncloc_identical,code_smells,189.0,191.0,2.0,2.0
treatment,instructor-ai/instructor,2024-10,exact_match,a54ea2d01beac03fa0128112198565f55eac3f75,a54ea2d01beac03fa0128112198565f55eac3f75,ncloc_identical,code_smells,110.0,112.0,2.0,2.0
treatment,wdm0006/git-pandas,2025-05,exact_match,e5ce078ec6254ad8dd35bc44dad5ca51b833a0ff,e5ce078ec6254ad8dd35bc44dad5ca51b833a0ff,ncloc_identical,code_smells,43.0,45.0,2.0,2.0
control,plurai-ai/intellagent,2024-10,exact_match,09c0a51e086f36524a9fbe84914a9894ab74dad0,09c0a51e086f36524a9fbe84914a9894ab74dad0,ncloc_identical,code_smells,4.0,6.0,2.0,2.0
control,omkarcloud/amazon-scraper,2024-01,exact_match,495f87429d00b88f6af66dc523d970a9c8c83dcc,495f87429d00b88f6af66dc523d970a9c8c83dcc,ncloc_identical,code_smells,14.0,16.0,2.0,2.0
treatment,instructor-ai/instructor,2024-03,exact_match,ce579ebb2d9d4fd50f16d8d11071f65977a5c455,ce579ebb2d9d4fd50f16d8d11071f65977a5c455,ncloc_identical,code_smells,82.0,84.0,2.0,2.0
control,thefatedefeater/V2ray-Config,2025-01,exact_match,515eecbef7ca8e50b7439d0910bc3a697f0d389c,515eecbef7ca8e50b7439d0910bc3a697f0d389c,ncloc_identical,code_smells,2.0,4.0,2.0,2.0
control,C4NU/Paddie,2024-04,exact_match,1a14eff63d31b1ad0ab3a0691bfb5aa0df680cae,1a14eff63d31b1ad0ab3a0691bfb5aa0df680cae,ncloc_identical,code_smells,76.0,78.0,2.0,2.0
treatment,loftwah/auto-jira,2025-02,exact_match,8e104dc37f9b389470e7ad193419a23df5939b90,8e104dc37f9b389470e7ad193419a23df5939b90,ncloc_identical,code_smells,9.0,11.0,2.0,2.0
control,HelpingAI/Webscout,2024-02,exact_match,6d6af387dbfd19f8a70b0e0bdf956cb4bc1fc6d8,6d6af387dbfd19f8a70b0e0bdf956cb4bc1fc6d8,ncloc_identical,code_smells,23.0,25.0,2.0,2.0
treatment,lss233/kirara-ai,2024-12,exact_match,54f257682d2260fc533b7daa22889b5fe1700e7a,54f257682d2260fc533b7daa22889b5fe1700e7a,ncloc_identical,code_smells,12.0,14.0,2.0,2.0
control,C4NU/Paddie,2024-03,exact_match,46fe27201a0aaf26672fd5deec435ff61c53e8b7,46fe27201a0aaf26672fd5deec435ff61c53e8b7,ncloc_identical,code_smells,76.0,78.0,2.0,2.0
treatment,raphaelmansuy/code2prompt,2024-09,exact_match,3b377ba47526cb784e449de65694c85cb2ef6421,3b377ba47526cb784e449de65694c85cb2ef6421,ncloc_identical,code_smells,19.0,21.0,2.0,2.0
treatment,raphaelmansuy/code2prompt,2024-06,exact_match,3abdad8e93104f890e8d53b543c0ad3b09a15dfa,3abdad8e93104f890e8d53b543c0ad3b09a15dfa,ncloc_identical,code_smells,9.0,11.0,2.0,2.0
treatment,allthingslinux/tux,2024-07,exact_match,235e7ac3d8e5c92a401fd1d0028ded1dc87dbc10,235e7ac3d8e5c92a401fd1d0028ded1dc87dbc10,ncloc_identical,code_smells,41.0,43.0,2.0,2.0
treatment,PiotrCzapla/smart_dictation,2024-10,exact_match,f0f396492a7bc34bd4fd16e2857d21f744d7c6b1,f0f396492a7bc34bd4fd16e2857d21f744d7c6b1,ncloc_identical,code_smells,3.0,5.0,2.0,2.0
treatment,Scrapybara/codecapy,2025-02,exact_match,5bfd39ebf9156b54bc2fdaeed7fa61d789924055,5bfd39ebf9156b54bc2fdaeed7fa61d789924055,ncloc_identical,code_smells,17.0,19.0,2.0,2.0
treatment,VRSEN/agency-swarm,2024-08,exact_match,2107467d8bfea24b2ed00e8a56a8917fa5dc398b,2107467d8bfea24b2ed00e8a56a8917fa5dc398b,ncloc_identical,code_smells,164.0,166.0,2.0,2.0
treatment,VRSEN/agency-swarm,2024-10,exact_match,fbf3cb6670e5a8c4cba18f52353cd90fdf0505b1,fbf3cb6670e5a8c4cba18f52353cd90fdf0505b1,ncloc_identical,code_smells,163.0,165.0,2.0,2.0
treatment,VRSEN/agency-swarm,2024-04,exact_match,53843abd131687692cee17c024984f27e17441b8,53843abd131687692cee17c024984f27e17441b8,ncloc_identical,code_smells,134.0,136.0,2.0,2.0
treatment,sshtunnelvision/MCP-LOGO-GEN,2025-03,exact_match,5192c277f3b6efd3d8233e2427c33aeb9fb6c836,5192c277f3b6efd3d8233e2427c33aeb9fb6c836,ncloc_identical,code_smells,6.0,8.0,2.0,2.0
control,zeyangsha/De-Fake,2024-02,exact_match,09a050b395d0472b85f3fec66552613301b4846c,09a050b395d0472b85f3fec66552613301b4846c,ncloc_identical,code_smells,52.0,54.0,2.0,2.0
treatment,allthingslinux/tux,2024-06,exact_match,62f74b67aa9a9bc206f70d3374c4b54854c31a7a,62f74b67aa9a9bc206f70d3374c4b54854c31a7a,ncloc_identical,code_smells,30.0,32.0,2.0,2.0
treatment,tony/django-slugify-processor,2024-05,exact_match,6017c27336c358589d6037444aba9655597cc674,6017c27336c358589d6037444aba9655597cc674,ncloc_identical,code_smells,7.0,8.0,1.0,1.0
control,TheFocusedCoder/api-agent,2024-08,exact_match,f8ffde215c91238ab844dc60531b179d6067a211,f8ffde215c91238ab844dc60531b179d6067a211,ncloc_identical,code_smells,0.0,1.0,1.0,1.0
treatment,tony/django-slugify-processor,2024-01,exact_match,227f314d702464fef559a94968bcdc846f93c3dd,227f314d702464fef559a94968bcdc846f93c3dd,ncloc_identical,code_smells,7.0,8.0,1.0,1.0
treatment,raphaelmansuy/iteration_of_tought,2024-09,exact_match,53b2a870b95abb88742ea4b5480bae8e87867348,53b2a870b95abb88742ea4b5480bae8e87867348,ncloc_identical,code_smells,1.0,2.0,1.0,1.0
treatment,W1ndys/Blog,2025-06,exact_match,8dd4409f9af545f2335e2dcff8d73327441135d9,8dd4409f9af545f2335e2dcff8d73327441135d9,ncloc_identical,code_smells,6.0,7.0,1.0,1.0
treatment,tony/django-slugify-processor,2024-07,exact_match,fcb2cbcaeb9939da81e2f745b116da5769f75301,fcb2cbcaeb9939da81e2f745b116da5769f75301,ncloc_identical,code_smells,7.0,8.0,1.0,1.0
control,aws-samples/aws-dms-cdc-data-pipeline,2025-01,exact_match,4196a7c2072cee21b71315957f0007c61907d932,4196a7c2072cee21b71315957f0007c61907d932,ncloc_identical,code_smells,6.0,7.0,1.0,1.0
control,Makopolo/megascan_houdini20.0_USD_plugin,2024-04,exact_match,51c95912cbed07c846baba016831fcec1978d6ce,51c95912cbed07c846baba016831fcec1978d6ce,ncloc_identical,code_smells,794.0,795.0,1.0,1.0
treatment,ToolUse/tool-use-ai,2025-04,exact_match,ea9f4df00a3334325140e0045c50fdb1f9918e34,ea9f4df00a3334325140e0045c50fdb1f9918e34,ncloc_identical,code_smells,36.0,37.0,1.0,1.0
control,ArpiarSaundersLab/annsql,2025-01,exact_match,ab9496863121dadc5cd7502e0c355536b24e6f36,ab9496863121dadc5cd7502e0c355536b24e6f36,ncloc_identical,code_smells,69.0,70.0,1.0,1.0
control,BiancoChiu/iOSRealRun-cli-18,2025-05,exact_match,cbae4f82e572aaa30402dd48b620095af563b68c,cbae4f82e572aaa30402dd48b620095af563b68c,ncloc_identical,code_smells,9.0,10.0,1.0,1.0
control,BiancoChiu/iOSRealRun-cli-18,2025-06,exact_match,87c1f190c78839acead294e745990692fed6d80d,87c1f190c78839acead294e745990692fed6d80d,ncloc_identical,code_smells,9.0,10.0,1.0,1.0
control,MingSun-Tse/LightAvatar-TensorFlow,2024-11,exact_match,3994bf5aa77460a57e943805ace5ca2d2d0b287f,3994bf5aa77460a57e943805ace5ca2d2d0b287f,ncloc_identical,code_smells,57.0,58.0,1.0,1.0
control,MingSun-Tse/LightAvatar-TensorFlow,2024-10,exact_match,19865a5adcb07c7dd9edd981ff0fe6335edaca62,19865a5adcb07c7dd9edd981ff0fe6335edaca62,ncloc_identical,code_smells,57.0,58.0,1.0,1.0
treatment,appl-team/appl,2024-11,exact_match,a2050956ab4ae0cc12026cefe3a0dd8aeacd84bf,a2050956ab4ae0cc12026cefe3a0dd8aeacd84bf,ncloc_identical,code_smells,167.0,168.0,1.0,1.0
treatment,Ody-Z/Trading_Game_Simulator,2025-02,exact_match,50bbbe078988b2f37720c247a12d2a8368e3e283,50bbbe078988b2f37720c247a12d2a8368e3e283,ncloc_identical,code_smells,5.0,6.0,1.0,1.0
treatment,tony/django-slugify-processor,2024-10,exact_match,edf528705b41fd3da6bdda6b301d96935d20e528,edf528705b41fd3da6bdda6b301d96935d20e528,ncloc_identical,code_smells,7.0,8.0,1.0,1.0
treatment,ToolUse/infinite-ai-seo,2025-02,exact_match,d4019a3edb442ae7ffddbfdad289ec92400d32ee,d4019a3edb442ae7ffddbfdad289ec92400d32ee,ncloc_identical,code_smells,12.0,13.0,1.0,1.0
treatment,The-Pocket/Tutorial-Cursor,2025-03,exact_match,0e69c81e74a3927d34b760beaca3a7775d650051,0e69c81e74a3927d34b760beaca3a7775d650051,ncloc_identical,code_smells,40.0,41.0,1.0,1.0
treatment,tony/django-slugify-processor,2024-09,exact_match,8a0aca4f986460539cc2d20866778e5e313a9eff,8a0aca4f986460539cc2d20866778e5e313a9eff,ncloc_identical,code_smells,7.0,8.0,1.0,1.0
control,ArpiarSaundersLab/annsql,2025-03,exact_match,69f3d00daaa7ac6f185d7e8b4d5b4bed618c3cab,69f3d00daaa7ac6f185d7e8b4d5b4bed618c3cab,ncloc_identical,code_smells,149.0,150.0,1.0,1.0
control,ArpiarSaundersLab/annsql,2025-04,exact_match,144ef3bf441c1dc2ffc43ff3c967601f668bb4a9,144ef3bf441c1dc2ffc43ff3c967601f668bb4a9,ncloc_identical,code_smells,149.0,150.0,1.0,1.0
control,ArpiarSaundersLab/annsql,2024-12,exact_match,95458872d923921d3231becd2429b327a626bb6d,95458872d923921d3231becd2429b327a626bb6d,ncloc_identical,code_smells,46.0,47.0,1.0,1.0
treatment,VRSEN/agency-swarm,2024-06,exact_match,1c105c02bc7c42261ed20d3a423ffb0748f260cd,1c105c02bc7c42261ed20d3a423ffb0748f260cd,ncloc_identical,code_smells,141.0,142.0,1.0,1.0
