outcome,outcome_label,time,estimate,conf_low,conf_high,std_error,p_value,significant,ast_sequence_token_band_set,analysis_design_status,ast_sequence_token_band_width,ast_sequence_token_band,ast_sequence_token_lower_bound_inclusive,ast_sequence_token_upper_bound_exclusive,ast_sequence_token_specification,sample_type,ncloc_spec,time_mode,parse_exclusion_mode,panel
has_function_change_event,Any Function-Change Event,-6,-0.0331786985845712,-0.161084762265472,0.09472736509633,0.0652581957555618,,FALSE,width20_80_139,post_hoc_exploratory_sensitivity,20,120-139,120,140,bounded_band,full,paper,calendar_month,all,strict_width20_80_139_band_120_139_full_paper_ncloc_calendar_month_all
has_function_change_event,Any Function-Change Event,-5,-0.0821263441451347,-0.205544221474859,0.0412915331845898,0.0629683047600635,,FALSE,width20_80_139,post_hoc_exploratory_sensitivity,20,120-139,120,140,bounded_band,full,paper,calendar_month,all,strict_width20_80_139_band_120_139_full_paper_ncloc_calendar_month_all
has_function_change_event,Any Function-Change Event,-4,-0.0403235401864963,-0.189307896109792,0.108660815736799,0.0760124264914772,,FALSE,width20_80_139,post_hoc_exploratory_sensitivity,20,120-139,120,140,bounded_band,full,paper,calendar_month,all,strict_width20_80_139_band_120_139_full_paper_ncloc_calendar_month_all
has_function_change_event,Any Function-Change Event,-3,-0.0244680559259121,-0.160631445737674,0.11169533388585,0.069471117250899,,FALSE,width20_80_139,post_hoc_exploratory_sensitivity,20,120-139,120,140,bounded_band,full,paper,calendar_month,all,strict_width20_80_139_band_120_139_full_paper_ncloc_calendar_month_all
has_function_change_event,Any Function-Change Event,-2,0.133869254055335,0.0146177910403642,0.253120717070305,0.0608425831709033,,TRUE,width20_80_139,post_hoc_exploratory_sensitivity,20,120-139,120,140,bounded_band,full,paper,calendar_month,all,strict_width20_80_139_band_120_139_full_paper_ncloc_calendar_month_all
has_function_change_event,Any Function-Change Event,0,0.104780676464262,-0.0239475554970394,0.233508908425564,0.065677669368011,,FALSE,width20_80_139,post_hoc_exploratory_sensitivity,20,120-139,120,140,bounded_band,full,paper,calendar_month,all,strict_width20_80_139_band_120_139_full_paper_ncloc_calendar_month_all
has_function_change_event,Any Function-Change Event,1,0.160090161852207,0.0147700940834937,0.305410229620919,0.0741428917187311,,TRUE,width20_80_139,post_hoc_exploratory_sensitivity,20,120-139,120,140,bounded_band,full,paper,calendar_month,all,strict_width20_80_139_band_120_139_full_paper_ncloc_calendar_month_all
has_function_change_event,Any Function-Change Event,2,0.079801823666169,-0.0637230969067074,0.223326744239045,0.0732270002922839,,FALSE,width20_80_139,post_hoc_exploratory_sensitivity,20,120-139,120,140,bounded_band,full,paper,calendar_month,all,strict_width20_80_139_band_120_139_full_paper_ncloc_calendar_month_all
has_function_change_event,Any Function-Change Event,3,0.0317333910732858,-0.11750816759819,0.180974949744761,0.0761436523834059,,FALSE,width20_80_139,post_hoc_exploratory_sensitivity,20,120-139,120,140,bounded_band,full,paper,calendar_month,all,strict_width20_80_139_band_120_139_full_paper_ncloc_calendar_month_all
has_function_change_event,Any Function-Change Event,4,-0.160143841253248,-0.318005441123599,-0.00228224138289618,0.080541632586914,,TRUE,width20_80_139,post_hoc_exploratory_sensitivity,20,120-139,120,140,bounded_band,full,paper,calendar_month,all,strict_width20_80_139_band_120_139_full_paper_ncloc_calendar_month_all
has_function_change_event,Any Function-Change Event,5,-0.023079358805573,-0.174300916991767,0.128142199380621,0.0771538562174459,,FALSE,width20_80_139,post_hoc_exploratory_sensitivity,20,120-139,120,140,bounded_band,full,paper,calendar_month,all,strict_width20_80_139_band_120_139_full_paper_ncloc_calendar_month_all
has_function_change_event,Any Function-Change Event,6,-0.14222343031213,-0.37123470353738,0.0867878429131194,0.116842486339413,,FALSE,width20_80_139,post_hoc_exploratory_sensitivity,20,120-139,120,140,bounded_band,full,paper,calendar_month,all,strict_width20_80_139_band_120_139_full_paper_ncloc_calendar_month_all
log1p_function_change_events,Total Function-Change Events (log1p),-6,0.0257846237515191,-0.387405233705279,0.438974481208317,0.210811151763672,,FALSE,width20_80_139,post_hoc_exploratory_sensitivity,20,120-139,120,140,bounded_band,full,paper,calendar_month,all,strict_width20_80_139_band_120_139_full_paper_ncloc_calendar_month_all
log1p_function_change_events,Total Function-Change Events (log1p),-5,0.0307804656643034,-0.287172918071769,0.348733849400376,0.162221114151057,,FALSE,width20_80_139,post_hoc_exploratory_sensitivity,20,120-139,120,140,bounded_band,full,paper,calendar_month,all,strict_width20_80_139_band_120_139_full_paper_ncloc_calendar_month_all
log1p_function_change_events,Total Function-Change Events (log1p),-4,-0.0489238721238038,-0.435468272941533,0.337620528693926,0.197216531029454,,FALSE,width20_80_139,post_hoc_exploratory_sensitivity,20,120-139,120,140,bounded_band,full,paper,calendar_month,all,strict_width20_80_139_band_120_139_full_paper_ncloc_calendar_month_all
log1p_function_change_events,Total Function-Change Events (log1p),-3,-0.0895548859165037,-0.38753544049308,0.208425668660072,0.152030895192131,,FALSE,width20_80_139,post_hoc_exploratory_sensitivity,20,120-139,120,140,bounded_band,full,paper,calendar_month,all,strict_width20_80_139_band_120_139_full_paper_ncloc_calendar_month_all
log1p_function_change_events,Total Function-Change Events (log1p),-2,0.161271024266767,-0.203615130969777,0.526157179503311,0.18616640573293,,FALSE,width20_80_139,post_hoc_exploratory_sensitivity,20,120-139,120,140,bounded_band,full,paper,calendar_month,all,strict_width20_80_139_band_120_139_full_paper_ncloc_calendar_month_all
log1p_function_change_events,Total Function-Change Events (log1p),0,0.416265366392008,0.0748204118297553,0.75771032095426,0.174206609470537,,TRUE,width20_80_139,post_hoc_exploratory_sensitivity,20,120-139,120,140,bounded_band,full,paper,calendar_month,all,strict_width20_80_139_band_120_139_full_paper_ncloc_calendar_month_all
log1p_function_change_events,Total Function-Change Events (log1p),1,0.296742521472367,-0.0844897251268419,0.677974768071577,0.194506248264903,,FALSE,width20_80_139,post_hoc_exploratory_sensitivity,20,120-139,120,140,bounded_band,full,paper,calendar_month,all,strict_width20_80_139_band_120_139_full_paper_ncloc_calendar_month_all
log1p_function_change_events,Total Function-Change Events (log1p),2,-0.0242652707009458,-0.414162372425447,0.365631831023556,0.198927092716582,,FALSE,width20_80_139,post_hoc_exploratory_sensitivity,20,120-139,120,140,bounded_band,full,paper,calendar_month,all,strict_width20_80_139_band_120_139_full_paper_ncloc_calendar_month_all
log1p_function_change_events,Total Function-Change Events (log1p),3,-0.0496763835330763,-0.49880125185445,0.399448484788297,0.229145340980293,,FALSE,width20_80_139,post_hoc_exploratory_sensitivity,20,120-139,120,140,bounded_band,full,paper,calendar_month,all,strict_width20_80_139_band_120_139_full_paper_ncloc_calendar_month_all
log1p_function_change_events,Total Function-Change Events (log1p),4,-0.327067538923033,-0.847333764186127,0.193198686340061,0.265441951664844,,FALSE,width20_80_139,post_hoc_exploratory_sensitivity,20,120-139,120,140,bounded_band,full,paper,calendar_month,all,strict_width20_80_139_band_120_139_full_paper_ncloc_calendar_month_all
log1p_function_change_events,Total Function-Change Events (log1p),5,-0.0562849810392153,-0.594289747995025,0.481719785916594,0.274492228038678,,FALSE,width20_80_139,post_hoc_exploratory_sensitivity,20,120-139,120,140,bounded_band,full,paper,calendar_month,all,strict_width20_80_139_band_120_139_full_paper_ncloc_calendar_month_all
log1p_function_change_events,Total Function-Change Events (log1p),6,0.122908687221011,-0.659673733919975,0.905491108361996,0.399276745480095,,FALSE,width20_80_139,post_hoc_exploratory_sensitivity,20,120-139,120,140,bounded_band,full,paper,calendar_month,all,strict_width20_80_139_band_120_139_full_paper_ncloc_calendar_month_all
log1p_agc_function_change_events,AGC-Like Function-Change Events (log1p),-6,0.0814552531696337,-0.248122336850828,0.411032843190095,0.168151831643093,,FALSE,width20_80_139,post_hoc_exploratory_sensitivity,20,120-139,120,140,bounded_band,full,paper,calendar_month,all,strict_width20_80_139_band_120_139_full_paper_ncloc_calendar_month_all
log1p_agc_function_change_events,AGC-Like Function-Change Events (log1p),-5,0.0294983658882292,-0.247180185497557,0.306176917274015,0.141162526217238,,FALSE,width20_80_139,post_hoc_exploratory_sensitivity,20,120-139,120,140,bounded_band,full,paper,calendar_month,all,strict_width20_80_139_band_120_139_full_paper_ncloc_calendar_month_all
log1p_agc_function_change_events,AGC-Like Function-Change Events (log1p),-4,-0.12617274351713,-0.398417026072564,0.146071539038305,0.138900144160936,,FALSE,width20_80_139,post_hoc_exploratory_sensitivity,20,120-139,120,140,bounded_band,full,paper,calendar_month,all,strict_width20_80_139_band_120_139_full_paper_ncloc_calendar_month_all
log1p_agc_function_change_events,AGC-Like Function-Change Events (log1p),-3,-0.123306394242006,-0.360564917580625,0.113952129096613,0.1210502670095,,FALSE,width20_80_139,post_hoc_exploratory_sensitivity,20,120-139,120,140,bounded_band,full,paper,calendar_month,all,strict_width20_80_139_band_120_139_full_paper_ncloc_calendar_month_all
log1p_agc_function_change_events,AGC-Like Function-Change Events (log1p),-2,0.0440642053720958,-0.255921287512866,0.344049698257058,0.153053822900491,,FALSE,width20_80_139,post_hoc_exploratory_sensitivity,20,120-139,120,140,bounded_band,full,paper,calendar_month,all,strict_width20_80_139_band_120_139_full_paper_ncloc_calendar_month_all
log1p_agc_function_change_events,AGC-Like Function-Change Events (log1p),0,0.142585752133464,-0.133104789222561,0.418276293489489,0.14065843946736,,FALSE,width20_80_139,post_hoc_exploratory_sensitivity,20,120-139,120,140,bounded_band,full,paper,calendar_month,all,strict_width20_80_139_band_120_139_full_paper_ncloc_calendar_month_all
log1p_agc_function_change_events,AGC-Like Function-Change Events (log1p),1,0.18847267889056,-0.105716956863088,0.482662314644207,0.150096752935534,,FALSE,width20_80_139,post_hoc_exploratory_sensitivity,20,120-139,120,140,bounded_band,full,paper,calendar_month,all,strict_width20_80_139_band_120_139_full_paper_ncloc_calendar_month_all
log1p_agc_function_change_events,AGC-Like Function-Change Events (log1p),2,-0.124293880778714,-0.417552764004833,0.168965002447406,0.149621879197,,FALSE,width20_80_139,post_hoc_exploratory_sensitivity,20,120-139,120,140,bounded_band,full,paper,calendar_month,all,strict_width20_80_139_band_120_139_full_paper_ncloc_calendar_month_all
log1p_agc_function_change_events,AGC-Like Function-Change Events (log1p),3,-0.221007328994382,-0.564789783270686,0.122775125281922,0.175399211365461,,FALSE,width20_80_139,post_hoc_exploratory_sensitivity,20,120-139,120,140,bounded_band,full,paper,calendar_month,all,strict_width20_80_139_band_120_139_full_paper_ncloc_calendar_month_all
log1p_agc_function_change_events,AGC-Like Function-Change Events (log1p),4,-0.208283729760443,-0.629380139712822,0.212812680191936,0.214845107118561,,FALSE,width20_80_139,post_hoc_exploratory_sensitivity,20,120-139,120,140,bounded_band,full,paper,calendar_month,all,strict_width20_80_139_band_120_139_full_paper_ncloc_calendar_month_all
log1p_agc_function_change_events,AGC-Like Function-Change Events (log1p),5,-0.0847092732789571,-0.537765876264962,0.368347329707047,0.231151328054084,,FALSE,width20_80_139,post_hoc_exploratory_sensitivity,20,120-139,120,140,bounded_band,full,paper,calendar_month,all,strict_width20_80_139_band_120_139_full_paper_ncloc_calendar_month_all
log1p_agc_function_change_events,AGC-Like Function-Change Events (log1p),6,0.202059267569733,-0.391520033322106,0.795638568461571,0.302846582087673,,FALSE,width20_80_139,post_hoc_exploratory_sensitivity,20,120-139,120,140,bounded_band,full,paper,calendar_month,all,strict_width20_80_139_band_120_139_full_paper_ncloc_calendar_month_all
log1p_hwc_function_change_events,HWC-Like Function-Change Events (log1p),-6,-0.0173205820990232,-0.42219335127239,0.387552187074344,0.206567739374167,,FALSE,width20_80_139,post_hoc_exploratory_sensitivity,20,120-139,120,140,bounded_band,full,paper,calendar_month,all,strict_width20_80_139_band_120_139_full_paper_ncloc_calendar_month_all
log1p_hwc_function_change_events,HWC-Like Function-Change Events (log1p),-5,-0.0190694652851731,-0.339640251934601,0.301501321364255,0.163556523800729,,FALSE,width20_80_139,post_hoc_exploratory_sensitivity,20,120-139,120,140,bounded_band,full,paper,calendar_month,all,strict_width20_80_139_band_120_139_full_paper_ncloc_calendar_month_all
log1p_hwc_function_change_events,HWC-Like Function-Change Events (log1p),-4,-0.0544446101400846,-0.419700346994317,0.310811126714148,0.186354967782772,,FALSE,width20_80_139,post_hoc_exploratory_sensitivity,20,120-139,120,140,bounded_band,full,paper,calendar_month,all,strict_width20_80_139_band_120_139_full_paper_ncloc_calendar_month_all
log1p_hwc_function_change_events,HWC-Like Function-Change Events (log1p),-3,-0.111098306639328,-0.399669952305205,0.177473339026548,0.147230431462182,,FALSE,width20_80_139,post_hoc_exploratory_sensitivity,20,120-139,120,140,bounded_band,full,paper,calendar_month,all,strict_width20_80_139_band_120_139_full_paper_ncloc_calendar_month_all
log1p_hwc_function_change_events,HWC-Like Function-Change Events (log1p),-2,0.156245898269734,-0.166746097588286,0.479237894127754,0.164791834621439,,FALSE,width20_80_139,post_hoc_exploratory_sensitivity,20,120-139,120,140,bounded_band,full,paper,calendar_month,all,strict_width20_80_139_band_120_139_full_paper_ncloc_calendar_month_all
log1p_hwc_function_change_events,HWC-Like Function-Change Events (log1p),0,0.392765765331906,0.0813546394184064,0.704176891245406,0.158883227506888,,TRUE,width20_80_139,post_hoc_exploratory_sensitivity,20,120-139,120,140,bounded_band,full,paper,calendar_month,all,strict_width20_80_139_band_120_139_full_paper_ncloc_calendar_month_all
log1p_hwc_function_change_events,HWC-Like Function-Change Events (log1p),1,0.194663508779001,-0.156970381598565,0.546297399156567,0.179405046111003,,FALSE,width20_80_139,post_hoc_exploratory_sensitivity,20,120-139,120,140,bounded_band,full,paper,calendar_month,all,strict_width20_80_139_band_120_139_full_paper_ncloc_calendar_month_all
log1p_hwc_function_change_events,HWC-Like Function-Change Events (log1p),2,-0.0258023658141084,-0.391359805979197,0.33975507435098,0.186508898043412,,FALSE,width20_80_139,post_hoc_exploratory_sensitivity,20,120-139,120,140,bounded_band,full,paper,calendar_month,all,strict_width20_80_139_band_120_139_full_paper_ncloc_calendar_month_all
log1p_hwc_function_change_events,HWC-Like Function-Change Events (log1p),3,0.0134666030528476,-0.403257196805009,0.430190402910704,0.212614183600947,,FALSE,width20_80_139,post_hoc_exploratory_sensitivity,20,120-139,120,140,bounded_band,full,paper,calendar_month,all,strict_width20_80_139_band_120_139_full_paper_ncloc_calendar_month_all
log1p_hwc_function_change_events,HWC-Like Function-Change Events (log1p),4,-0.215304700797345,-0.678958105220334,0.248348703625644,0.236557859399484,,FALSE,width20_80_139,post_hoc_exploratory_sensitivity,20,120-139,120,140,bounded_band,full,paper,calendar_month,all,strict_width20_80_139_band_120_139_full_paper_ncloc_calendar_month_all
log1p_hwc_function_change_events,HWC-Like Function-Change Events (log1p),5,0.00284836045957414,-0.49114424861371,0.496840969532859,0.252037045445553,,FALSE,width20_80_139,post_hoc_exploratory_sensitivity,20,120-139,120,140,bounded_band,full,paper,calendar_month,all,strict_width20_80_139_band_120_139_full_paper_ncloc_calendar_month_all
log1p_hwc_function_change_events,HWC-Like Function-Change Events (log1p),6,0.163747086961053,-0.578380312863327,0.905874486785432,0.378636428481826,,FALSE,width20_80_139,post_hoc_exploratory_sensitivity,20,120-139,120,140,bounded_band,full,paper,calendar_month,all,strict_width20_80_139_band_120_139_full_paper_ncloc_calendar_month_all
