repo_name,repo_primary_language,repo_stars,repo_commits,repo_contributors,repo_size,repo_languages
1mrat/cursor-taskrunner,Python,13,4.0,1.0,27458.0,Python: 4996
Altinity/clickhouse-grafana,Python,739,1809.0,33.0,1989751.0,Python: 456153; TypeScript: 376675; Go: 208210; Shell: 4461; JavaScript: 4262; Dockerfile: 1840; CSS: 89
Anemll/Anemll,Python,307,8.0,1.0,2542.0,Python: 252255; Shell: 19620
Apocrathia/home-assistant-config,Python,182,1000.0,9.0,3652.0,Python: 2728; C++: 2037; Shell: 983
Aronnaxx/Behold-Urwar-Droid-Concepts,Python,14,64.0,1.0,18131.0,Python: 168252; HTML: 133404; JavaScript: 24660; CSS: 11080
AttackIQ/DetectIQ,Python,101,36.0,1.0,16575.0,Python: 386470; TypeScript: 155128; JavaScript: 2064; Makefile: 1322; Shell: 613; CSS: 374
ChatFAQ/ChatFAQ,Python,128,1391.0,8.0,14270.0,Python: 1066102; Vue: 363332; SCSS: 43290; JavaScript: 37927; Dockerfile: 5938; TypeScript: 2181; Makefile: 1927; Shell: 989
Chocksy/qc-options-framework,Python,14,100.0,3.0,497.0,Python: 706400; Jupyter Notebook: 2105; Shell: 1163
DannyMac180/mirror,Python,10,15.0,1.0,802.0,Python: 166452; Jupyter Notebook: 47445; HCL: 25460; Makefile: 855; Dockerfile: 342
DataDog/integrations-core,Python,995,17955.0,381.0,276062.0,Python: 18642616; Shell: 117219; TSQL: 64105; Dockerfile: 57585; Erlang: 15518; COBOL: 12312; Java: 9035; HCL: 8876; Scala: 7000; Go: 6988; PowerShell: 6400; Lua: 3489; Starlark: 2446; JavaScript: 1818; HTML: 1318; TypeScript: 1019; Batchfile: 652; Kotlin: 430; Roff: 359; Jinja: 310; Ruby: 292; Swift: 203; Logos: 143; PHP: 20
DataScienceUIBK/Rankify,Python,318,125.0,3.0,5359.0,Python: 1459522; C++: 20283; Cuda: 4540
DutchCryptoDad/bamboo-ta,Python,12,129.0,1.0,30773.0,Python: 1952044
Elevate-Code/better-voice-typing,Python,31,22.0,1.0,2385.0,Python: 72341; Batchfile: 4645; PowerShell: 4427
Hankanman/Area-Occupancy-Detection,Python,58,195.0,1.0,552.0,Python: 151295; Shell: 1201
Kiln-AI/Kiln,Python,3284,1477.0,6.0,14657.0,Python: 1238999; Svelte: 443436; TypeScript: 40734; Shell: 4049; JavaScript: 2880; Inno Setup: 2418; CSS: 920; HTML: 462
KroMiose/nekro-agent,Python,149,434.0,4.0,5649.0,Python: 454387; TypeScript: 308345; Shell: 18151; JavaScript: 1106; HTML: 366; CSS: 245
LearningCircuit/local-deep-research,Python,1985,371.0,10.0,1460.0,Python: 460878; JavaScript: 172813; HTML: 77704; CSS: 24641; Batchfile: 3625; Inno Setup: 3440; Dockerfile: 988
MDGrey33/pyvisionai,Python,98,142.0,1.0,10416.0,Python: 210810; HTML: 5576
Meeting-Baas/speaking-meeting-bot,Python,11,92.0,2.0,464.0,Python: 120632; Dockerfile: 196
Metta-AI/metta,Python,21,686.0,8.0,2270.0,Python: 391836; Shell: 18076; HTML: 3811; Dockerfile: 1282
Mineru98/mysql-mcp-server,Python,20,62.0,1.0,157.0,Python: 49417; HTML: 44039; Dockerfile: 168
Multi-V-VM/MVVM,Python,36,486.0,5.0,17522.0,Python: 361802; C++: 289239; C: 48692; CMake: 36606; Shell: 7471; Rust: 6798; Dockerfile: 2065
Ody-Z/Trading_Game_Simulator,Python,34,4.0,1.0,58.0,Python: 36842
OpenMOSS/Language-Model-SAEs,Python,105,577.0,8.0,10244.0,Python: 412037; TypeScript: 196983; JavaScript: 3620; CSS: 1618; HTML: 383
OpenSPP/openspp-modules,Python,27,3532.0,18.0,74717.0,Python: 1943049; HTML: 1226632; JavaScript: 345844; CSS: 7328; jq: 7065; SCSS: 6257
PiotrCzapla/smart_dictation,Python,16,6.0,1.0,56.0,Python: 13433
PostHog/posthog,Python,25398,22659.0,275.0,2044832.0,Python: 22679665; TypeScript: 20277702; Rust: 1867097; C++: 686533; JavaScript: 451915; SCSS: 324234; HTML: 144866; Shell: 93437; Go: 39846; Perl: 35898; MDX: 33574; ANTLR: 23533; Dockerfile: 17237; PLpgSQL: 9521; EJS: 4831; Smarty: 1517; CSS: 520; C: 285
PrefectHQ/marvin,Python,5586,3817.0,52.0,64290.0,Python: 450250; Jinja: 2905; Just: 1103; Mako: 494
ResearchHub/researchhub-backend,Python,40,9323.0,25.0,143476.0,Python: 3274338; HTML: 68020; CSS: 40495; Shell: 2343; Dockerfile: 524
Scrapybara/codecapy,Python,159,35.0,1.0,765.0,Python: 64591; Dockerfile: 745
ShunsukeHayashi/Auto-coder-agent_Cursor_Roo_code,Python,11,26.0,2.0,261.0,Python: 100232; Shell: 5399; PowerShell: 4566
SlyyCooper/cursorrules-architect,Python,58,11.0,1.0,353.0,Python: 239669; HTML: 760
TextGeneratorio/text-generator.io,Python,33,82.0,1.0,22315.0,Python: 1272211; JavaScript: 1103437; Jinja: 425188; CSS: 165487; Less: 101223; SCSS: 79489; CoffeeScript: 10449; Dockerfile: 7610; HTML: 4178; Shell: 2125
The-Pocket/PocketFlow,Python,1615,489.0,7.0,42874.0,Python: 214630; Jupyter Notebook: 158647
The-Pocket/PocketFlow-Template-Python,Python,37,30.0,1.0,5705.0,Python: 2026
The-Pocket/Tutorial-AI-Paul-Graham,Python,34,24.0,1.0,67656.0,Python: 47415
The-Pocket/Tutorial-Cold-Email-Personalization,Python,17,8.0,1.0,593.0,Python: 34157
The-Pocket/Tutorial-Cursor,Python,68,24.0,1.0,10925.0,Python: 67697; TypeScript: 10442; JavaScript: 990; HTML: 366; CSS: 59
TheSethRose/Agent-Chat,Python,16,8.0,1.0,897.0,Python: 22565
ToolUse/infinite-ai-seo,Python,27,9.0,2.0,5391.0,Python: 67331
ToolUse/tool-use-ai,Python,23,74.0,3.0,219.0,Python: 161046
VRSEN/agency-swarm,Python,3605,574.0,16.0,5947.0,Python: 389581; Jupyter Notebook: 87169; HTML: 1038
VRSEN/agency-swarm-memory-demo,Python,36,12.0,2.0,42.0,Python: 10174
VRSEN/agency-voice-interface,Python,75,57.0,2.0,289.0,Python: 120175
W1ndys/Blog,Python,43,763.0,10.0,208796.0,Python: 7701; Shell: 3447; JavaScript: 995; CSS: 478
WangQrkkk/ThinkingCursor,Python,27,5.0,1.0,11.0,Python: 3771
airweave-ai/airweave,Python,564,472.0,6.0,3418.0,Python: 1019614; TypeScript: 619545; MDX: 30800; CSS: 8216; Shell: 5094; HTML: 1229; Dockerfile: 1075; JavaScript: 1073; Mako: 494
allthingslinux/tux,Python,93,1908.0,35.0,11944.0,Python: 742055; Dockerfile: 2806
appl-team/appl,Python,243,24.0,2.0,9936.0,Python: 351571; HTML: 609; Shell: 168
arjitvermaco/DbDost,Python,58,2.0,1.0,26.0,Python: 34174; HTML: 25715
askjohngeorge/pipecat-lead-qualifier,Python,14,396.0,1.0,22388.0,Python: 111839; TypeScript: 12206; CSS: 1890; Dockerfile: 638; JavaScript: 528
assafelovic/gpt-researcher,Python,20634,2492.0,146.0,34132.0,Python: 431237; TypeScript: 114500; CSS: 18459; JavaScript: 17539; HTML: 11108; Dockerfile: 2886; Shell: 1214; Procfile: 78
atopile/atopile,Python,2054,2489.0,32.0,108255.0,Python: 2160023; C++: 103410; TypeScript: 30583; ANTLR: 11517; CMake: 2916; JavaScript: 2040; Shell: 397
c4fun/tell-stories-webui,Python,40,18.0,1.0,10875.0,Python: 146252
cbardyn/ai-swiss-workflows,Python,54,7.0,1.0,4030.0,Python: 99395
cgevans/qslib,Python,10,447.0,2.0,1237.0,Python: 395024; Rust: 206027
codingforentrepreneurs/Cursor-Django,Python,13,32.0,1.0,77.0,Python: 25063; HTML: 16864
cohnen/mcp-google-ads,Python,14,10.0,1.0,272.0,Python: 55729
daojiAnime/vmq-fastapi,Python,13,38.0,2.0,452.0,Python: 105601; HTML: 15920; Shell: 3286; Dockerfile: 1284; Mako: 523
discus0434/nook,Python,225,19.0,1.0,3127.0,Python: 63351; HTML: 52319; Dockerfile: 617; Makefile: 289
ericmjl/llamabot,Python,135,1656.0,12.0,4822.0,Python: 385531; Jupyter Notebook: 353882; HTML: 20441; CSS: 7743; Dockerfile: 871; JavaScript: 624
ericmjl/pyds-cli,Python,45,454.0,2.0,1380.0,Python: 41461; Dockerfile: 5244; Jupyter Notebook: 878; CSS: 607; Makefile: 159; JavaScript: 21
ericyuegu/hal,Python,25,757.0,1.0,427669.0,Python: 569174; Shell: 2169
ericzakariasson/uber-eats-mcp-server,Python,148,5.0,2.0,11.0,Python: 5473
ethereum/pm,Python,1678,2272.0,98.0,8869.0,Python: 1188
ethyca/fides,Python,392,3002.0,62.0,115471.0,Python: 7618523; TypeScript: 5029681; JavaScript: 365464; CSS: 39166; HTML: 33307; SCSS: 18712; Dockerfile: 4481; Jinja: 3618; Mako: 494
ezyang/codemcp,Python,962,1019.0,6.0,1483.0,Python: 487727; Shell: 1540
gerred/mcp-server-replicate,Python,10,26.0,4.0,202.0,Python: 154518; Dockerfile: 808
getsentry/sentry,Python,40425,82057.0,337.0,590738.0,Python: 42565515; TypeScript: 33301709; HTML: 265688; Less: 219675; Lua: 74682; JavaScript: 55575; PEG.js: 20144; Shell: 17052; Makefile: 7073; Dockerfile: 4296; EJS: 1803; Ruby: 708
grapeot/devin.cursorrules,Python,5231,45.0,10.0,4811.0,Python: 51939
grapeot/web_agentic_ai,Python,26,73.0,1.0,1306.0,Python: 180862; JavaScript: 84998; CSS: 24597; HTML: 9056
huggingface/nanotron,Python,1740,1223.0,25.0,15107.0,Python: 1259622; Makefile: 487
hyperb1iss/droidmind,Python,25,59.0,1.0,586.0,Python: 258301
ifokeev/telegram-ai-agent,Python,27,18.0,1.0,173.0,Python: 129315; Shell: 1967
ilanbenb/wa_llm,Python,12,133.0,2.0,569.0,Python: 108183; Jupyter Notebook: 10435; Dockerfile: 855; Mako: 652
instructor-ai/instructor,Python,9933,1184.0,199.0,133554.0,Python: 627215; Shell: 81
jmurth1234/ClaudePlayer,Python,21,12.0,1.0,639.0,Python: 81758
keephq/keep,Python,9804,2420.0,105.0,82462.0,Python: 3885838; TypeScript: 2204593; JavaScript: 20736; CSS: 18662; Shell: 13198; SCSS: 3347; Mako: 551
kenshiro-o/nagato-ai,Python,115,115.0,1.0,38216.0,Python: 614025; Makefile: 1196
kevon217/custom-agency-swarms,Python,14,21.0,1.0,482.0,Python: 94888
leettools-dev/leettools,Python,304,127.0,5.0,1456.0,Python: 2179551; Shell: 19578; Dockerfile: 2722
loftwah/auto-jira,Python,10,34.0,1.0,74.0,Python: 43547
lss233/kirara-ai,Python,14838,1546.0,38.0,38646.0,Python: 741320; Dockerfile: 1644; Shell: 831; Mako: 689
martinnormark/neural-mesh-simplification,Python,28,143.0,2.0,180.0,Python: 127092; Jupyter Notebook: 10204
matebenyovszky/healing-agent,Python,16,18.0,1.0,108.0,Python: 88166
micic-mihajlo/Datalore,Python,40,13.0,1.0,251.0,Python: 43412
namuan/trading-utils,Python,200,816.0,1.0,10017.0,Python: 763806; Shell: 4833; Makefile: 2955
neal-zhu/sentinel,Python,44,6.0,1.0,130.0,Python: 295266
nextml-code/pytorch-datastream,Python,33,133.0,3.0,907.0,Python: 74062
osomai/servicenow-mcp,Python,27,29.0,4.0,193.0,Python: 610912; Shell: 3002; Dockerfile: 344
panther-labs/panther-analysis,Python,368,1369.0,110.0,6377.0,Python: 895993; Makefile: 2424; Dockerfile: 1298; Shell: 709
raphaelmansuy/code2prompt,Python,818,141.0,3.0,1571.0,Python: 142563; Jinja: 18577; Shell: 54
raphaelmansuy/iteration_of_tought,Python,39,21.0,1.0,252.0,Python: 16765
samuelgursky/davinci-resolve-mcp,Python,45,13.0,2.0,421.0,Python: 414022; Shell: 101565; Batchfile: 25690; PowerShell: 16183
sbomify/sbomify,Python,24,83.0,3.0,6882.0,Python: 919400; Vue: 120438; HTML: 112165; TypeScript: 37940; CSS: 10532; JavaScript: 4572; Dockerfile: 1441; Shell: 677
sirkirby/unifi-network-rules,Python,21,42.0,1.0,305.0,Python: 474321
smartian1/tgtrader,Python,27,231.0,1.0,12606.0,Python: 659346; HTML: 294605; Jupyter Notebook: 21893
smorin/py-launch-blueprint,Python,11,130.0,6.0,635.0,Python: 22846; Just: 4749; Makefile: 4132; PowerShell: 683
sshtunnelvision/MCP-LOGO-GEN,Python,159,15.0,1.0,59958.0,Python: 26462; Dockerfile: 161
synaptiai/prompt-decorators,Python,14,122.0,2.0,9425.0,Python: 527011; Shell: 402
terryyin/lizard,Python,1938,1117.0,49.0,2881.0,Python: 530214; Less: 175512; HTML: 102979; JavaScript: 77780; PHP: 4914; CSS: 4084; XSLT: 2233; Makefile: 1026; Nix: 896; Shell: 504; C: 76
tmux-python/tmuxp,Python,4177,4244.0,70.0,8245.0,Python: 302141; Makefile: 1869
tony/django-docutils,Python,11,1427.0,4.0,2039.0,Python: 107865; Makefile: 1383; HTML: 353
tony/django-slugify-processor,Python,16,964.0,5.0,1960.0,Python: 8025; Makefile: 1437
trycua/cua,Python,3101,154.0,8.0,4209.0,Python: 597006; Swift: 222822; Shell: 32179; Jupyter Notebook: 30618; Dockerfile: 1820
tsukumijima/KonomiTV,Python,725,2994.0,18.0,161519.0,Python: 1295281; Vue: 769210; TypeScript: 686372; HTML: 7579; Dockerfile: 6249; SCSS: 2580; JavaScript: 83
ttmouse/Wispr-Flow-CN,Python,19,68.0,1.0,3182.0,Python: 203934; Shell: 8496
tw-haiven/haiven,Python,129,1331.0,10.0,43524.0,Python: 320430; JavaScript: 277810; CSS: 135713; Shell: 2565; HTML: 1992; Dockerfile: 1452
utensils/mcp-nixos,Python,28,163.0,1.0,898.0,Python: 744386; Nix: 26939; Shell: 169
vcs-python/vcspull,Python,207,2296.0,6.0,5726.0,Python: 86358; Makefile: 1559; Shell: 1347
vietanhdev/anylabeling,Python,2594,235.0,8.0,11611.0,Python: 1955730; Shell: 739
wandb/mcp-server,Python,17,11.0,1.0,45.0,Python: 55308
wdm0006/elote,Python,24,77.0,4.0,8927.0,Python: 442959; Makefile: 3284
wdm0006/git-pandas,Python,189,130.0,4.0,6650.0,Python: 203132; Makefile: 2862
wdm0006/pygeohash,Python,159,81.0,11.0,6309.0,Python: 91294; C: 10873; Makefile: 3444
whiteducksoftware/flock,Python,29,241.0,4.0,46725.0,Python: 523435
xzq-xu/jvm-mcp-server,Python,37,31.0,3.0,251.0,Python: 69805
yagami1997/CursorMind,Python,127,31.0,1.0,373.0,Python: 124290; Shell: 17567
yagami1997/TradeMind,Python,78,255.0,2.0,2642.0,Python: 509280; JavaScript: 157653; Shell: 17636
yeagerai/genlayer-studio,Python,31,357.0,16.0,3845.0,Python: 521092; Vue: 186634; Solidity: 154122; TypeScript: 153491; JavaScript: 28075; CSS: 3092; Shell: 2476; Lua: 2112; HTML: 1350; Mako: 635; Dockerfile: 447
zauberzeug/nicegui,Python,11644,5924.0,151.0,63663.0,Python: 1124032; JavaScript: 81676; Shell: 8537; CSS: 6886; Dockerfile: 3867; Vue: 3227; HTML: 3035
zenbase-ai/py-priompt,Python,55,12.0,1.0,82.0,Python: 190347
zilliztech/mcp-server-milvus,Python,45,23.0,3.0,7382.0,Python: 24557
Dror-Bengal/CursorFocus,Python,73,18.0,2.0,69.0,Python: 101281; Shell: 4342
The-Pocket-World/PocketManus,Python,152,382.0,44.0,18656.0,Python: 568817; Jupyter Notebook: 142650; Dockerfile: 305
W1ndys/W1ndysBot,Python,24,65.0,1.0,4108.0,Python: 125508; Shell: 20367; Batchfile: 2209
loning/universe,Python,16,665.0,2.0,9115.0,Python: 35649
stampchain-io/btc_stamps,Python,17,2182.0,10.0,80826.0,Python: 1126403; Rust: 49705; Shell: 29706; Dockerfile: 3243; Makefile: 1803
