outcome,outcome_label,time,estimate,conf_low,conf_high,std_error,p_value,significant,panel,sample_type,ncloc_spec,time_mode,parse_exclusion_mode
has_function_change_event,Any Function-Change Event,-6,-0.082755574205876,-0.199909032733377,0.0343978843216254,0.059772172718113,,FALSE,strict_full_python_snapshot_ncloc_calendar_month_parse_clean,full,python_snapshot,calendar_month,parse_clean
has_function_change_event,Any Function-Change Event,-5,0.0298633496557588,-0.0694586482529702,0.129185347564488,0.0506744887289433,,FALSE,strict_full_python_snapshot_ncloc_calendar_month_parse_clean,full,python_snapshot,calendar_month,parse_clean
has_function_change_event,Any Function-Change Event,-4,0.0651499957956295,-0.0468631586160048,0.177163150207264,0.0571495685773645,,FALSE,strict_full_python_snapshot_ncloc_calendar_month_parse_clean,full,python_snapshot,calendar_month,parse_clean
has_function_change_event,Any Function-Change Event,-3,0.0846572512070897,-0.00415867086568575,0.173473173279865,0.0453142459554977,,FALSE,strict_full_python_snapshot_ncloc_calendar_month_parse_clean,full,python_snapshot,calendar_month,parse_clean
has_function_change_event,Any Function-Change Event,-2,0.0631289594604477,-0.0341852888631484,0.160443207784044,0.0496501266957123,,FALSE,strict_full_python_snapshot_ncloc_calendar_month_parse_clean,full,python_snapshot,calendar_month,parse_clean
has_function_change_event,Any Function-Change Event,0,0.0832974279585185,-0.0293607249667317,0.195955580883769,0.0574786494516583,,FALSE,strict_full_python_snapshot_ncloc_calendar_month_parse_clean,full,python_snapshot,calendar_month,parse_clean
has_function_change_event,Any Function-Change Event,1,0.0443921950688894,-0.0936959731220548,0.182480363259834,0.070453147036196,,FALSE,strict_full_python_snapshot_ncloc_calendar_month_parse_clean,full,python_snapshot,calendar_month,parse_clean
has_function_change_event,Any Function-Change Event,2,0.0378526848193568,-0.123557900605562,0.199263270244276,0.0823523395025099,,FALSE,strict_full_python_snapshot_ncloc_calendar_month_parse_clean,full,python_snapshot,calendar_month,parse_clean
has_function_change_event,Any Function-Change Event,3,-0.0569275068480482,-0.214943165125728,0.101088151429631,0.0806202338151426,,FALSE,strict_full_python_snapshot_ncloc_calendar_month_parse_clean,full,python_snapshot,calendar_month,parse_clean
has_function_change_event,Any Function-Change Event,4,-0.07789331020959,-0.246191056940498,0.0904044365213176,0.0858661973116875,,FALSE,strict_full_python_snapshot_ncloc_calendar_month_parse_clean,full,python_snapshot,calendar_month,parse_clean
has_function_change_event,Any Function-Change Event,5,-0.115860891309278,-0.277825432815703,0.0461036501971462,0.082634970156339,,FALSE,strict_full_python_snapshot_ncloc_calendar_month_parse_clean,full,python_snapshot,calendar_month,parse_clean
has_function_change_event,Any Function-Change Event,6,-0.0362086366564475,-0.283178506126427,0.210761232813532,0.126005035443867,,FALSE,strict_full_python_snapshot_ncloc_calendar_month_parse_clean,full,python_snapshot,calendar_month,parse_clean
log1p_function_change_events,Total Function-Change Events (log1p),-6,0.0520090977740137,-0.591553462316462,0.69557165786449,0.32834824494412,,FALSE,strict_full_python_snapshot_ncloc_calendar_month_parse_clean,full,python_snapshot,calendar_month,parse_clean
log1p_function_change_events,Total Function-Change Events (log1p),-5,0.0193069325041539,-0.410847982739233,0.449461847747541,0.219466793491524,,FALSE,strict_full_python_snapshot_ncloc_calendar_month_parse_clean,full,python_snapshot,calendar_month,parse_clean
log1p_function_change_events,Total Function-Change Events (log1p),-4,0.00896082442582376,-0.466724281896487,0.484645930748135,0.242696482817506,,FALSE,strict_full_python_snapshot_ncloc_calendar_month_parse_clean,full,python_snapshot,calendar_month,parse_clean
log1p_function_change_events,Total Function-Change Events (log1p),-3,0.218968886312201,-0.289256936527105,0.727194709151507,0.259298889203728,,FALSE,strict_full_python_snapshot_ncloc_calendar_month_parse_clean,full,python_snapshot,calendar_month,parse_clean
log1p_function_change_events,Total Function-Change Events (log1p),-2,0.587843863698438,0.0277319069572436,1.14795582043963,0.285771406500609,,TRUE,strict_full_python_snapshot_ncloc_calendar_month_parse_clean,full,python_snapshot,calendar_month,parse_clean
log1p_function_change_events,Total Function-Change Events (log1p),0,0.82971272051199,0.216158619770563,1.44326682125342,0.313037806500728,,TRUE,strict_full_python_snapshot_ncloc_calendar_month_parse_clean,full,python_snapshot,calendar_month,parse_clean
log1p_function_change_events,Total Function-Change Events (log1p),1,0.609570114140609,-0.0762302294479493,1.29537045772917,0.349898134483958,,FALSE,strict_full_python_snapshot_ncloc_calendar_month_parse_clean,full,python_snapshot,calendar_month,parse_clean
log1p_function_change_events,Total Function-Change Events (log1p),2,0.38007624185451,-0.362815241188315,1.12296772489734,0.379026266858584,,FALSE,strict_full_python_snapshot_ncloc_calendar_month_parse_clean,full,python_snapshot,calendar_month,parse_clean
log1p_function_change_events,Total Function-Change Events (log1p),3,-0.14532533507262,-0.90031002493925,0.60965935479401,0.385196270340117,,FALSE,strict_full_python_snapshot_ncloc_calendar_month_parse_clean,full,python_snapshot,calendar_month,parse_clean
log1p_function_change_events,Total Function-Change Events (log1p),4,-0.570182338627732,-1.31019662465256,0.169831947397093,0.377558309196339,,FALSE,strict_full_python_snapshot_ncloc_calendar_month_parse_clean,full,python_snapshot,calendar_month,parse_clean
log1p_function_change_events,Total Function-Change Events (log1p),5,-0.272401956073889,-1.05227452741657,0.507470615268789,0.397894169052387,,FALSE,strict_full_python_snapshot_ncloc_calendar_month_parse_clean,full,python_snapshot,calendar_month,parse_clean
log1p_function_change_events,Total Function-Change Events (log1p),6,-0.626246671507476,-1.69675776204541,0.444264419030457,0.546179127825476,,FALSE,strict_full_python_snapshot_ncloc_calendar_month_parse_clean,full,python_snapshot,calendar_month,parse_clean
log1p_agc_function_change_events,AGC-Like Function-Change Events (log1p),-6,0.104009150862799,-0.485612742107359,0.693631043832958,0.300827496413346,,FALSE,strict_full_python_snapshot_ncloc_calendar_month_parse_clean,full,python_snapshot,calendar_month,parse_clean
log1p_agc_function_change_events,AGC-Like Function-Change Events (log1p),-5,-0.0134724163533162,-0.449701463933323,0.422756631226691,0.222565840602044,,FALSE,strict_full_python_snapshot_ncloc_calendar_month_parse_clean,full,python_snapshot,calendar_month,parse_clean
log1p_agc_function_change_events,AGC-Like Function-Change Events (log1p),-4,-0.0233747795713342,-0.541951422058491,0.495201862915822,0.264579919636304,,FALSE,strict_full_python_snapshot_ncloc_calendar_month_parse_clean,full,python_snapshot,calendar_month,parse_clean
log1p_agc_function_change_events,AGC-Like Function-Change Events (log1p),-3,-0.000425549602312482,-0.453715318846441,0.452864219641816,0.231270290430678,,FALSE,strict_full_python_snapshot_ncloc_calendar_month_parse_clean,full,python_snapshot,calendar_month,parse_clean
log1p_agc_function_change_events,AGC-Like Function-Change Events (log1p),-2,0.394127885904558,-0.15514850821158,0.943404280020697,0.28024305822252,,FALSE,strict_full_python_snapshot_ncloc_calendar_month_parse_clean,full,python_snapshot,calendar_month,parse_clean
log1p_agc_function_change_events,AGC-Like Function-Change Events (log1p),0,0.653092180536865,0.141552135716934,1.16463222535679,0.260989818785679,,TRUE,strict_full_python_snapshot_ncloc_calendar_month_parse_clean,full,python_snapshot,calendar_month,parse_clean
log1p_agc_function_change_events,AGC-Like Function-Change Events (log1p),1,0.434804180183644,-0.127565842285485,0.997174202652772,0.286923480851596,,FALSE,strict_full_python_snapshot_ncloc_calendar_month_parse_clean,full,python_snapshot,calendar_month,parse_clean
log1p_agc_function_change_events,AGC-Like Function-Change Events (log1p),2,0.136105957467819,-0.469153255190506,0.741365170126144,0.308805720744044,,FALSE,strict_full_python_snapshot_ncloc_calendar_month_parse_clean,full,python_snapshot,calendar_month,parse_clean
log1p_agc_function_change_events,AGC-Like Function-Change Events (log1p),3,-0.180114608251552,-0.831671289859218,0.471442073356114,0.332426878371258,,FALSE,strict_full_python_snapshot_ncloc_calendar_month_parse_clean,full,python_snapshot,calendar_month,parse_clean
log1p_agc_function_change_events,AGC-Like Function-Change Events (log1p),4,-0.598871235211251,-1.23135001667143,0.0336075462489249,0.322693255847029,,FALSE,strict_full_python_snapshot_ncloc_calendar_month_parse_clean,full,python_snapshot,calendar_month,parse_clean
log1p_agc_function_change_events,AGC-Like Function-Change Events (log1p),5,-0.145642548630951,-0.827133644969342,0.53584854770744,0.347699538948159,,FALSE,strict_full_python_snapshot_ncloc_calendar_month_parse_clean,full,python_snapshot,calendar_month,parse_clean
log1p_agc_function_change_events,AGC-Like Function-Change Events (log1p),6,-0.33138871673142,-1.22989978614289,0.56712235268005,0.458424015005852,,FALSE,strict_full_python_snapshot_ncloc_calendar_month_parse_clean,full,python_snapshot,calendar_month,parse_clean
log1p_hwc_function_change_events,HWC-Like Function-Change Events (log1p),-6,0.102155869985252,-0.499653752325095,0.703965492295599,0.307045725668544,,FALSE,strict_full_python_snapshot_ncloc_calendar_month_parse_clean,full,python_snapshot,calendar_month,parse_clean
log1p_hwc_function_change_events,HWC-Like Function-Change Events (log1p),-5,0.0685945464325117,-0.348602202076634,0.485791294941657,0.212855483933238,,FALSE,strict_full_python_snapshot_ncloc_calendar_month_parse_clean,full,python_snapshot,calendar_month,parse_clean
log1p_hwc_function_change_events,HWC-Like Function-Change Events (log1p),-4,0.0260578671386945,-0.401996098317401,0.45411183259479,0.218394880334743,,FALSE,strict_full_python_snapshot_ncloc_calendar_month_parse_clean,full,python_snapshot,calendar_month,parse_clean
log1p_hwc_function_change_events,HWC-Like Function-Change Events (log1p),-3,0.236377371136452,-0.253286196677048,0.726040938949951,0.249828350925255,,FALSE,strict_full_python_snapshot_ncloc_calendar_month_parse_clean,full,python_snapshot,calendar_month,parse_clean
log1p_hwc_function_change_events,HWC-Like Function-Change Events (log1p),-2,0.549694065223961,0.0298793101188521,1.06950882032907,0.265211609747504,,TRUE,strict_full_python_snapshot_ncloc_calendar_month_parse_clean,full,python_snapshot,calendar_month,parse_clean
log1p_hwc_function_change_events,HWC-Like Function-Change Events (log1p),0,0.771475546166674,0.185037407435481,1.35791368489787,0.299203132005711,,TRUE,strict_full_python_snapshot_ncloc_calendar_month_parse_clean,full,python_snapshot,calendar_month,parse_clean
log1p_hwc_function_change_events,HWC-Like Function-Change Events (log1p),1,0.611425237098611,-0.0377529889384033,1.26060346313562,0.33121338063113,,FALSE,strict_full_python_snapshot_ncloc_calendar_month_parse_clean,full,python_snapshot,calendar_month,parse_clean
log1p_hwc_function_change_events,HWC-Like Function-Change Events (log1p),2,0.383972285450552,-0.320241666550059,1.08818623745116,0.359292832653373,,FALSE,strict_full_python_snapshot_ncloc_calendar_month_parse_clean,full,python_snapshot,calendar_month,parse_clean
log1p_hwc_function_change_events,HWC-Like Function-Change Events (log1p),3,-0.0860798492353352,-0.798155199465477,0.625995500994807,0.36330375011742,,FALSE,strict_full_python_snapshot_ncloc_calendar_month_parse_clean,full,python_snapshot,calendar_month,parse_clean
log1p_hwc_function_change_events,HWC-Like Function-Change Events (log1p),4,-0.47181616263516,-1.17081645290005,0.227184127629735,0.356632801155559,,FALSE,strict_full_python_snapshot_ncloc_calendar_month_parse_clean,full,python_snapshot,calendar_month,parse_clean
log1p_hwc_function_change_events,HWC-Like Function-Change Events (log1p),5,-0.260827507832873,-0.994223818744175,0.472568803078429,0.374181791281277,,FALSE,strict_full_python_snapshot_ncloc_calendar_month_parse_clean,full,python_snapshot,calendar_month,parse_clean
log1p_hwc_function_change_events,HWC-Like Function-Change Events (log1p),6,-0.611255926081447,-1.61816313424092,0.395651282078023,0.513728167428301,,FALSE,strict_full_python_snapshot_ncloc_calendar_month_parse_clean,full,python_snapshot,calendar_month,parse_clean
