dataset_source,repo_name,candidate_ref,timezone_mode,history_commits,panel_months,count_matches,latest_matches,count_and_latest_matches,total_absolute_count_delta,perfect_panel_match
control,BalancerMaxis/multisig-ops,HEAD,america_chicago,10356,20,20,20,20,0,1
control,BalancerMaxis/multisig-ops,HEAD,original_local,10356,20,20,20,20,0,1
control,BalancerMaxis/multisig-ops,refs/remotes/origin/aura-locker-harvest-2026-01-07,america_chicago,9500,20,20,20,20,0,1
control,BalancerMaxis/multisig-ops,refs/remotes/origin/aura-locker-harvest-2026-01-07,original_local,9500,20,20,20,20,0,1
control,BalancerMaxis/multisig-ops,refs/remotes/origin/bip-891-increase-cap-GOLD-styETH,america_chicago,9270,20,20,20,20,0,1
control,BalancerMaxis/multisig-ops,refs/remotes/origin/bip-891-increase-cap-GOLD-styETH,original_local,9270,20,20,20,20,0,1
control,BalancerMaxis/multisig-ops,refs/remotes/origin/bip-xxx-recover-unclaimed-legacy-merkleredeem-funds,america_chicago,10340,20,20,20,20,0,1
control,BalancerMaxis/multisig-ops,refs/remotes/origin/bip-xxx-recover-unclaimed-legacy-merkleredeem-funds,original_local,10340,20,20,20,20,0,1
control,BalancerMaxis/multisig-ops,refs/remotes/origin/cowamm-withdraw-bip,america_chicago,9824,20,20,20,20,0,1
control,BalancerMaxis/multisig-ops,refs/remotes/origin/cowamm-withdraw-bip,original_local,9824,20,20,20,20,0,1
control,BalancerMaxis/multisig-ops,refs/remotes/origin/main,america_chicago,10356,20,20,20,20,0,1
control,BalancerMaxis/multisig-ops,refs/remotes/origin/main,original_local,10356,20,20,20,20,0,1
control,BalancerMaxis/multisig-ops,HEAD,commit_embedded_offset,10356,20,13,16,13,10,0
control,BalancerMaxis/multisig-ops,refs/remotes/origin/aura-locker-harvest-2026-01-07,commit_embedded_offset,9500,20,13,16,13,10,0
control,BalancerMaxis/multisig-ops,refs/remotes/origin/bip-891-increase-cap-GOLD-styETH,commit_embedded_offset,9270,20,13,16,13,10,0
control,BalancerMaxis/multisig-ops,refs/remotes/origin/bip-xxx-recover-unclaimed-legacy-merkleredeem-funds,commit_embedded_offset,10340,20,13,16,13,10,0
control,BalancerMaxis/multisig-ops,refs/remotes/origin/cowamm-withdraw-bip,commit_embedded_offset,9824,20,13,16,13,10,0
control,BalancerMaxis/multisig-ops,refs/remotes/origin/main,commit_embedded_offset,10356,20,13,16,13,10,0
control,BalancerMaxis/multisig-ops,HEAD,utc,10356,20,13,16,13,18,0
control,BalancerMaxis/multisig-ops,refs/remotes/origin/aura-locker-harvest-2026-01-07,utc,9500,20,13,16,13,18,0
control,BalancerMaxis/multisig-ops,refs/remotes/origin/bip-891-increase-cap-GOLD-styETH,utc,9270,20,13,16,13,18,0
control,BalancerMaxis/multisig-ops,refs/remotes/origin/bip-xxx-recover-unclaimed-legacy-merkleredeem-funds,utc,10340,20,13,16,13,18,0
control,BalancerMaxis/multisig-ops,refs/remotes/origin/cowamm-withdraw-bip,utc,9824,20,13,16,13,18,0
control,BalancerMaxis/multisig-ops,refs/remotes/origin/main,utc,10356,20,13,16,13,18,0
control,aio-libs/aiohttp,HEAD,america_chicago,13719,20,20,20,20,0,1
control,aio-libs/aiohttp,HEAD,original_local,13719,20,20,20,20,0,1
control,aio-libs/aiohttp,refs/remotes/origin/Dreamsorcerer-patch-1,america_chicago,13712,20,20,20,20,0,1
control,aio-libs/aiohttp,refs/remotes/origin/Dreamsorcerer-patch-1,original_local,13712,20,20,20,20,0,1
control,aio-libs/aiohttp,refs/remotes/origin/Dreamsorcerer-patch-2,america_chicago,13720,20,20,20,20,0,1
control,aio-libs/aiohttp,refs/remotes/origin/Dreamsorcerer-patch-2,original_local,13720,20,20,20,20,0,1
control,aio-libs/aiohttp,refs/remotes/origin/ci-armv7l-native-arm,america_chicago,13342,20,20,20,20,0,1
control,aio-libs/aiohttp,refs/remotes/origin/ci-armv7l-native-arm,original_local,13342,20,20,20,20,0,1
control,aio-libs/aiohttp,refs/remotes/origin/dependabot/pip/typing-extensions-4.16.0,america_chicago,13717,20,20,20,20,0,1
control,aio-libs/aiohttp,refs/remotes/origin/dependabot/pip/typing-extensions-4.16.0,original_local,13717,20,20,20,20,0,1
control,aio-libs/aiohttp,refs/remotes/origin/master,america_chicago,13719,20,20,20,20,0,1
control,aio-libs/aiohttp,refs/remotes/origin/master,original_local,13719,20,20,20,20,0,1
control,aio-libs/aiohttp,HEAD,commit_embedded_offset,13719,20,15,17,15,6,0
control,aio-libs/aiohttp,refs/remotes/origin/Dreamsorcerer-patch-1,commit_embedded_offset,13712,20,15,17,15,6,0
control,aio-libs/aiohttp,refs/remotes/origin/Dreamsorcerer-patch-2,commit_embedded_offset,13720,20,15,17,15,6,0
control,aio-libs/aiohttp,refs/remotes/origin/ci-armv7l-native-arm,commit_embedded_offset,13342,20,15,17,15,6,0
control,aio-libs/aiohttp,refs/remotes/origin/dependabot/pip/typing-extensions-4.16.0,commit_embedded_offset,13717,20,15,17,15,6,0
control,aio-libs/aiohttp,refs/remotes/origin/master,commit_embedded_offset,13719,20,15,17,15,6,0
control,aio-libs/aiohttp,HEAD,utc,13719,20,16,17,15,10,0
control,aio-libs/aiohttp,refs/remotes/origin/Dreamsorcerer-patch-1,utc,13712,20,16,17,15,10,0
control,aio-libs/aiohttp,refs/remotes/origin/Dreamsorcerer-patch-2,utc,13720,20,16,17,15,10,0
control,aio-libs/aiohttp,refs/remotes/origin/ci-armv7l-native-arm,utc,13342,20,16,17,15,10,0
control,aio-libs/aiohttp,refs/remotes/origin/dependabot/pip/typing-extensions-4.16.0,utc,13717,20,16,17,15,10,0
control,aio-libs/aiohttp,refs/remotes/origin/master,utc,13719,20,16,17,15,10,0
treatment,LearningCircuit/local-deep-research,HEAD,america_chicago,7176,7,7,7,7,0,1
treatment,LearningCircuit/local-deep-research,HEAD,original_local,7176,7,7,7,7,0,1
treatment,LearningCircuit/local-deep-research,HEAD,utc,7176,7,7,7,7,0,1
treatment,LearningCircuit/local-deep-research,refs/remotes/origin/LearningCircuit-patch-1,america_chicago,5105,7,7,7,7,0,1
treatment,LearningCircuit/local-deep-research,refs/remotes/origin/LearningCircuit-patch-1,original_local,5105,7,7,7,7,0,1
treatment,LearningCircuit/local-deep-research,refs/remotes/origin/LearningCircuit-patch-1,utc,5105,7,7,7,7,0,1
treatment,LearningCircuit/local-deep-research,refs/remotes/origin/a11y/add-aria-live-regions,america_chicago,5772,7,7,7,7,0,1
treatment,LearningCircuit/local-deep-research,refs/remotes/origin/a11y/add-aria-live-regions,original_local,5772,7,7,7,7,0,1
treatment,LearningCircuit/local-deep-research,refs/remotes/origin/a11y/add-aria-live-regions,utc,5772,7,7,7,7,0,1
treatment,LearningCircuit/local-deep-research,refs/remotes/origin/add-mojeek-search-engine-v2,america_chicago,5089,7,7,7,7,0,1
treatment,LearningCircuit/local-deep-research,refs/remotes/origin/add-mojeek-search-engine-v2,original_local,5089,7,7,7,7,0,1
treatment,LearningCircuit/local-deep-research,refs/remotes/origin/add-mojeek-search-engine-v2,utc,5089,7,7,7,7,0,1
treatment,LearningCircuit/local-deep-research,refs/remotes/origin/main,america_chicago,7176,7,7,7,7,0,1
treatment,LearningCircuit/local-deep-research,refs/remotes/origin/main,original_local,7176,7,7,7,7,0,1
treatment,LearningCircuit/local-deep-research,refs/remotes/origin/main,utc,7176,7,7,7,7,0,1
treatment,LearningCircuit/local-deep-research,refs/remotes/origin/fix/cross-engine-filter-json-parsing,america_chicago,1945,7,6,7,6,1,0
treatment,LearningCircuit/local-deep-research,refs/remotes/origin/fix/cross-engine-filter-json-parsing,original_local,1945,7,6,7,6,1,0
treatment,LearningCircuit/local-deep-research,refs/remotes/origin/fix/cross-engine-filter-json-parsing,utc,1945,7,6,7,6,1,0
treatment,LearningCircuit/local-deep-research,refs/remotes/origin/fix/cross-engine-filter-json-parsing,commit_embedded_offset,1945,7,2,3,2,7,0
treatment,LearningCircuit/local-deep-research,HEAD,commit_embedded_offset,7176,7,1,3,1,8,0
treatment,LearningCircuit/local-deep-research,refs/remotes/origin/LearningCircuit-patch-1,commit_embedded_offset,5105,7,1,3,1,8,0
treatment,LearningCircuit/local-deep-research,refs/remotes/origin/a11y/add-aria-live-regions,commit_embedded_offset,5772,7,1,3,1,8,0
treatment,LearningCircuit/local-deep-research,refs/remotes/origin/add-mojeek-search-engine-v2,commit_embedded_offset,5089,7,1,3,1,8,0
treatment,LearningCircuit/local-deep-research,refs/remotes/origin/main,commit_embedded_offset,7176,7,1,3,1,8,0
treatment,OpenSPP/openspp-modules,HEAD,america_chicago,3972,20,20,20,20,0,1
treatment,OpenSPP/openspp-modules,HEAD,original_local,3972,20,20,20,20,0,1
treatment,OpenSPP/openspp-modules,refs/remotes/origin/17.0,america_chicago,3972,20,20,20,20,0,1
treatment,OpenSPP/openspp-modules,refs/remotes/origin/17.0,original_local,3972,20,20,20,20,0,1
treatment,OpenSPP/openspp-modules,refs/remotes/origin/386-modify-module-openspp-programs,america_chicago,3952,20,20,20,20,0,1
treatment,OpenSPP/openspp-modules,refs/remotes/origin/386-modify-module-openspp-programs,original_local,3952,20,20,20,20,0,1
treatment,OpenSPP/openspp-modules,refs/remotes/origin/archiving-fix,america_chicago,3972,20,20,20,20,0,1
treatment,OpenSPP/openspp-modules,refs/remotes/origin/archiving-fix,original_local,3972,20,20,20,20,0,1
treatment,OpenSPP/openspp-modules,refs/remotes/origin/area-import-improvements,america_chicago,3981,20,20,20,20,0,1
treatment,OpenSPP/openspp-modules,refs/remotes/origin/area-import-improvements,original_local,3981,20,20,20,20,0,1
treatment,OpenSPP/openspp-modules,refs/remotes/origin/audit-logs-enhancements,america_chicago,3962,20,20,20,20,0,1
treatment,OpenSPP/openspp-modules,refs/remotes/origin/audit-logs-enhancements,original_local,3962,20,20,20,20,0,1
treatment,OpenSPP/openspp-modules,HEAD,commit_embedded_offset,3972,20,12,15,12,42,0
treatment,OpenSPP/openspp-modules,HEAD,utc,3972,20,12,15,12,42,0
treatment,OpenSPP/openspp-modules,refs/remotes/origin/17.0,commit_embedded_offset,3972,20,12,15,12,42,0
treatment,OpenSPP/openspp-modules,refs/remotes/origin/17.0,utc,3972,20,12,15,12,42,0
treatment,OpenSPP/openspp-modules,refs/remotes/origin/386-modify-module-openspp-programs,commit_embedded_offset,3952,20,12,15,12,42,0
treatment,OpenSPP/openspp-modules,refs/remotes/origin/386-modify-module-openspp-programs,utc,3952,20,12,15,12,42,0
treatment,OpenSPP/openspp-modules,refs/remotes/origin/archiving-fix,commit_embedded_offset,3972,20,12,15,12,42,0
treatment,OpenSPP/openspp-modules,refs/remotes/origin/archiving-fix,utc,3972,20,12,15,12,42,0
treatment,OpenSPP/openspp-modules,refs/remotes/origin/area-import-improvements,commit_embedded_offset,3981,20,12,15,12,42,0
treatment,OpenSPP/openspp-modules,refs/remotes/origin/area-import-improvements,utc,3981,20,12,15,12,42,0
treatment,OpenSPP/openspp-modules,refs/remotes/origin/audit-logs-enhancements,commit_embedded_offset,3962,20,12,15,12,42,0
treatment,OpenSPP/openspp-modules,refs/remotes/origin/audit-logs-enhancements,utc,3962,20,12,15,12,42,0
treatment,airweave-ai/airweave,HEAD,america_chicago,4775,9,9,9,9,0,1
treatment,airweave-ai/airweave,HEAD,original_local,4775,9,9,9,9,0,1
treatment,airweave-ai/airweave,refs/remotes/origin/anand-frontend-v2,america_chicago,3261,9,9,9,9,0,1
treatment,airweave-ai/airweave,refs/remotes/origin/anand-frontend-v2,original_local,3261,9,9,9,9,0,1
treatment,airweave-ai/airweave,refs/remotes/origin/anand/ENG-1318-connect-api,america_chicago,3480,9,9,9,9,0,1
treatment,airweave-ai/airweave,refs/remotes/origin/anand/ENG-1318-connect-api,original_local,3480,9,9,9,9,0,1
treatment,airweave-ai/airweave,refs/remotes/origin/anand/prompts,america_chicago,3106,9,9,9,9,0,1
treatment,airweave-ai/airweave,refs/remotes/origin/anand/prompts,original_local,3106,9,9,9,9,0,1
treatment,airweave-ai/airweave,refs/remotes/origin/main,america_chicago,4775,9,9,9,9,0,1
treatment,airweave-ai/airweave,refs/remotes/origin/main,original_local,4775,9,9,9,9,0,1
treatment,airweave-ai/airweave,refs/remotes/origin/feat/process-batching,america_chicago,1720,9,8,9,8,7,0
treatment,airweave-ai/airweave,refs/remotes/origin/feat/process-batching,original_local,1720,9,8,9,8,7,0
treatment,airweave-ai/airweave,refs/remotes/origin/feat/process-batching,commit_embedded_offset,1720,9,7,7,6,4,0
treatment,airweave-ai/airweave,HEAD,commit_embedded_offset,4775,9,6,7,6,11,0
treatment,airweave-ai/airweave,refs/remotes/origin/anand-frontend-v2,commit_embedded_offset,3261,9,6,7,6,11,0
treatment,airweave-ai/airweave,refs/remotes/origin/anand/ENG-1318-connect-api,commit_embedded_offset,3480,9,6,7,6,11,0
treatment,airweave-ai/airweave,refs/remotes/origin/anand/prompts,commit_embedded_offset,3106,9,6,7,6,11,0
treatment,airweave-ai/airweave,refs/remotes/origin/main,commit_embedded_offset,4775,9,6,7,6,11,0
treatment,airweave-ai/airweave,refs/remotes/origin/feat/process-batching,utc,1720,9,5,6,5,9,0
treatment,airweave-ai/airweave,HEAD,utc,4775,9,5,6,5,16,0
treatment,airweave-ai/airweave,refs/remotes/origin/anand-frontend-v2,utc,3261,9,5,6,5,16,0
treatment,airweave-ai/airweave,refs/remotes/origin/anand/ENG-1318-connect-api,utc,3480,9,5,6,5,16,0
treatment,airweave-ai/airweave,refs/remotes/origin/anand/prompts,utc,3106,9,5,6,5,16,0
treatment,airweave-ai/airweave,refs/remotes/origin/main,utc,4775,9,5,6,5,16,0
treatment,zauberzeug/nicegui,HEAD,america_chicago,6736,20,20,20,20,0,1
treatment,zauberzeug/nicegui,HEAD,original_local,6736,20,20,20,20,0,1
treatment,zauberzeug/nicegui,refs/remotes/origin/distributed,america_chicago,6273,20,20,20,20,0,1
treatment,zauberzeug/nicegui,refs/remotes/origin/distributed,original_local,6273,20,20,20,20,0,1
treatment,zauberzeug/nicegui,refs/remotes/origin/highcharts-3.3,america_chicago,6739,20,20,20,20,0,1
treatment,zauberzeug/nicegui,refs/remotes/origin/highcharts-3.3,original_local,6739,20,20,20,20,0,1
treatment,zauberzeug/nicegui,refs/remotes/origin/main,america_chicago,6736,20,20,20,20,0,1
treatment,zauberzeug/nicegui,refs/remotes/origin/main,original_local,6736,20,20,20,20,0,1
treatment,zauberzeug/nicegui,refs/remotes/origin/observablecollection-leaks-change-handle,america_chicago,6738,20,20,20,20,0,1
treatment,zauberzeug/nicegui,refs/remotes/origin/observablecollection-leaks-change-handle,original_local,6738,20,20,20,20,0,1
treatment,zauberzeug/nicegui,refs/remotes/origin/cache,america_chicago,6350,20,19,20,19,5,0
treatment,zauberzeug/nicegui,refs/remotes/origin/cache,original_local,6350,20,19,20,19,5,0
treatment,zauberzeug/nicegui,HEAD,utc,6736,20,14,16,13,6,0
treatment,zauberzeug/nicegui,refs/remotes/origin/distributed,utc,6273,20,14,16,13,6,0
treatment,zauberzeug/nicegui,refs/remotes/origin/highcharts-3.3,utc,6739,20,14,16,13,6,0
treatment,zauberzeug/nicegui,refs/remotes/origin/main,utc,6736,20,14,16,13,6,0
treatment,zauberzeug/nicegui,refs/remotes/origin/observablecollection-leaks-change-handle,utc,6738,20,14,16,13,6,0
treatment,zauberzeug/nicegui,refs/remotes/origin/cache,utc,6350,20,13,16,12,11,0
treatment,zauberzeug/nicegui,HEAD,commit_embedded_offset,6736,20,12,15,11,12,0
treatment,zauberzeug/nicegui,refs/remotes/origin/distributed,commit_embedded_offset,6273,20,12,15,11,12,0
treatment,zauberzeug/nicegui,refs/remotes/origin/highcharts-3.3,commit_embedded_offset,6739,20,12,15,11,12,0
treatment,zauberzeug/nicegui,refs/remotes/origin/main,commit_embedded_offset,6736,20,12,15,11,12,0
treatment,zauberzeug/nicegui,refs/remotes/origin/observablecollection-leaks-change-handle,commit_embedded_offset,6738,20,12,15,11,12,0
treatment,zauberzeug/nicegui,refs/remotes/origin/cache,commit_embedded_offset,6350,20,12,15,11,17,0
