repo_name,time,is_treatment,event,post_event,time_to_event,dataset_source,ncloc,bugs,vulnerabilities,code_smells,duplicated_lines_density,comment_lines_density,cognitive_complexity,technical_debt,static_analysis_warnings
cameronapak/freedom-stack,2024-02,0,2024-10,0,-8.0,treatment,107.0,0.0,0.0,1.0,0.0,13.7,5.0,0.0,1.0
cameronapak/freedom-stack,2024-02,0,2024-10,0,-8.0,treatment,107.0,0.0,0.0,1.0,0.0,13.7,5.0,0.0,1.0
cameronapak/freedom-stack,2024-03,0,2024-10,0,-7.0,treatment,145.0,0.0,0.0,0.0,0.0,9.4,3.0,0.0,0.0
cameronapak/freedom-stack,2024-03,0,2024-10,0,-7.0,treatment,145.0,0.0,0.0,0.0,0.0,9.4,3.0,0.0,0.0
cameronapak/freedom-stack,2024-04,0,2024-10,0,-6.0,treatment,145.0,0.0,0.0,0.0,0.0,9.4,3.0,0.0,0.0
cameronapak/freedom-stack,2024-04,0,2024-10,0,-6.0,treatment,145.0,0.0,0.0,0.0,0.0,9.4,3.0,0.0,0.0
cameronapak/freedom-stack,2024-05,0,2024-10,0,-5.0,treatment,145.0,0.0,0.0,0.0,0.0,9.4,3.0,0.0,0.0
cameronapak/freedom-stack,2024-05,0,2024-10,0,-5.0,treatment,145.0,0.0,0.0,0.0,0.0,9.4,3.0,0.0,0.0
cameronapak/freedom-stack,2024-06,0,2024-10,0,-4.0,treatment,203.0,0.0,0.0,1.0,0.0,8.6,4.0,1.0,1.0
cameronapak/freedom-stack,2024-06,0,2024-10,0,-4.0,treatment,203.0,0.0,0.0,1.0,0.0,8.6,4.0,1.0,1.0
cameronapak/freedom-stack,2024-07,0,2024-10,0,-3.0,treatment,404.0,0.0,0.0,2.0,10.3,4.5,20.0,5.0,2.0
cameronapak/freedom-stack,2024-07,0,2024-10,0,-3.0,treatment,404.0,0.0,0.0,2.0,10.3,4.5,20.0,5.0,2.0
cameronapak/freedom-stack,2024-08,0,2024-10,0,-2.0,treatment,404.0,0.0,0.0,2.0,10.3,4.5,20.0,5.0,2.0
cameronapak/freedom-stack,2024-08,0,2024-10,0,-2.0,treatment,404.0,0.0,0.0,2.0,10.3,4.5,20.0,5.0,2.0
cameronapak/freedom-stack,2024-09,0,2024-10,0,-1.0,treatment,404.0,0.0,0.0,2.0,10.3,4.5,20.0,5.0,2.0
cameronapak/freedom-stack,2024-09,0,2024-10,0,-1.0,treatment,404.0,0.0,0.0,2.0,10.3,4.5,20.0,5.0,2.0
cameronapak/freedom-stack,2024-10,1,2024-10,1,0.0,treatment,375.0,0.0,0.0,0.0,0.0,6.3,17.0,0.0,0.0
cameronapak/freedom-stack,2024-10,1,2024-10,1,0.0,treatment,375.0,0.0,0.0,0.0,0.0,6.3,17.0,0.0,0.0
cameronapak/freedom-stack,2024-11,1,2024-10,1,1.0,treatment,991.0,0.0,0.0,3.0,0.0,4.9,64.0,7.0,3.0
cameronapak/freedom-stack,2024-11,1,2024-10,1,1.0,treatment,991.0,0.0,0.0,3.0,0.0,4.9,64.0,7.0,3.0
cameronapak/freedom-stack,2024-12,1,2024-10,1,2.0,treatment,994.0,0.0,0.0,3.0,0.0,4.9,64.0,7.0,3.0
cameronapak/freedom-stack,2024-12,1,2024-10,1,2.0,treatment,994.0,0.0,0.0,3.0,0.0,4.9,64.0,7.0,3.0
cameronapak/freedom-stack,2025-01,1,2024-10,1,3.0,treatment,1060.0,1.0,0.0,3.0,0.0,5.3,66.0,7.0,4.0
cameronapak/freedom-stack,2025-01,1,2024-10,1,3.0,treatment,1060.0,1.0,0.0,3.0,0.0,5.3,66.0,7.0,4.0
cameronapak/freedom-stack,2025-02,1,2024-10,1,4.0,treatment,1060.0,1.0,0.0,3.0,0.0,5.3,66.0,7.0,4.0
cameronapak/freedom-stack,2025-02,1,2024-10,1,4.0,treatment,1060.0,1.0,0.0,3.0,0.0,5.3,66.0,7.0,4.0
cameronapak/freedom-stack,2025-03,1,2024-10,1,5.0,treatment,1117.0,11.0,0.0,4.0,0.0,5.3,66.0,8.0,15.0
cameronapak/freedom-stack,2025-03,1,2024-10,1,5.0,treatment,1117.0,11.0,0.0,4.0,0.0,5.3,66.0,8.0,15.0
cameronapak/freedom-stack,2025-04,1,2024-10,1,6.0,treatment,1117.0,11.0,0.0,4.0,0.0,5.3,66.0,8.0,15.0
cameronapak/freedom-stack,2025-04,1,2024-10,1,6.0,treatment,1117.0,11.0,0.0,4.0,0.0,5.3,66.0,8.0,15.0
cameronapak/freedom-stack,2025-05,1,2024-10,1,7.0,treatment,1117.0,11.0,0.0,4.0,0.0,5.3,66.0,8.0,15.0
cameronapak/freedom-stack,2025-05,1,2024-10,1,7.0,treatment,1117.0,11.0,0.0,4.0,0.0,5.3,66.0,8.0,15.0
cameronapak/freedom-stack,2025-06,1,2024-10,1,8.0,treatment,1117.0,11.0,0.0,4.0,0.0,5.3,66.0,8.0,15.0
cameronapak/freedom-stack,2025-06,1,2024-10,1,8.0,treatment,1117.0,11.0,0.0,4.0,0.0,5.3,66.0,8.0,15.0
cameronapak/freedom-stack,2025-07,1,2024-10,1,9.0,treatment,1120.0,11.0,0.0,3.0,0.0,5.5,68.0,7.0,14.0
cameronapak/freedom-stack,2025-07,1,2024-10,1,9.0,treatment,1120.0,11.0,0.0,3.0,0.0,5.5,68.0,7.0,14.0
cameronapak/freedom-stack,2024-02,0,2024-10,0,-8.0,control,107.0,0.0,0.0,1.0,0.0,13.7,5.0,0.0,1.0
cameronapak/freedom-stack,2024-02,0,2024-10,0,-8.0,control,107.0,0.0,0.0,1.0,0.0,13.7,5.0,0.0,1.0
cameronapak/freedom-stack,2024-03,0,2024-10,0,-7.0,control,145.0,0.0,0.0,0.0,0.0,9.4,3.0,0.0,0.0
cameronapak/freedom-stack,2024-03,0,2024-10,0,-7.0,control,145.0,0.0,0.0,0.0,0.0,9.4,3.0,0.0,0.0
cameronapak/freedom-stack,2024-04,0,2024-10,0,-6.0,control,145.0,0.0,0.0,0.0,0.0,9.4,3.0,0.0,0.0
cameronapak/freedom-stack,2024-04,0,2024-10,0,-6.0,control,145.0,0.0,0.0,0.0,0.0,9.4,3.0,0.0,0.0
cameronapak/freedom-stack,2024-05,0,2024-10,0,-5.0,control,145.0,0.0,0.0,0.0,0.0,9.4,3.0,0.0,0.0
cameronapak/freedom-stack,2024-05,0,2024-10,0,-5.0,control,145.0,0.0,0.0,0.0,0.0,9.4,3.0,0.0,0.0
cameronapak/freedom-stack,2024-06,0,2024-10,0,-4.0,control,203.0,0.0,0.0,1.0,0.0,8.6,4.0,1.0,1.0
cameronapak/freedom-stack,2024-06,0,2024-10,0,-4.0,control,203.0,0.0,0.0,1.0,0.0,8.6,4.0,1.0,1.0
cameronapak/freedom-stack,2024-07,0,2024-10,0,-3.0,control,404.0,0.0,0.0,2.0,10.3,4.5,20.0,5.0,2.0
cameronapak/freedom-stack,2024-07,0,2024-10,0,-3.0,control,404.0,0.0,0.0,2.0,10.3,4.5,20.0,5.0,2.0
cameronapak/freedom-stack,2024-08,0,2024-10,0,-2.0,control,404.0,0.0,0.0,2.0,10.3,4.5,20.0,5.0,2.0
cameronapak/freedom-stack,2024-08,0,2024-10,0,-2.0,control,404.0,0.0,0.0,2.0,10.3,4.5,20.0,5.0,2.0
cameronapak/freedom-stack,2024-09,0,2024-10,0,-1.0,control,404.0,0.0,0.0,2.0,10.3,4.5,20.0,5.0,2.0
cameronapak/freedom-stack,2024-09,0,2024-10,0,-1.0,control,404.0,0.0,0.0,2.0,10.3,4.5,20.0,5.0,2.0
cameronapak/freedom-stack,2024-10,1,2024-10,1,0.0,control,375.0,0.0,0.0,0.0,0.0,6.3,17.0,0.0,0.0
cameronapak/freedom-stack,2024-10,1,2024-10,1,0.0,control,375.0,0.0,0.0,0.0,0.0,6.3,17.0,0.0,0.0
cameronapak/freedom-stack,2024-11,1,2024-10,1,1.0,control,991.0,0.0,0.0,3.0,0.0,4.9,64.0,7.0,3.0
cameronapak/freedom-stack,2024-11,1,2024-10,1,1.0,control,991.0,0.0,0.0,3.0,0.0,4.9,64.0,7.0,3.0
cameronapak/freedom-stack,2024-12,1,2024-10,1,2.0,control,994.0,0.0,0.0,3.0,0.0,4.9,64.0,7.0,3.0
cameronapak/freedom-stack,2024-12,1,2024-10,1,2.0,control,994.0,0.0,0.0,3.0,0.0,4.9,64.0,7.0,3.0
cameronapak/freedom-stack,2025-01,1,2024-10,1,3.0,control,1060.0,1.0,0.0,3.0,0.0,5.3,66.0,7.0,4.0
cameronapak/freedom-stack,2025-01,1,2024-10,1,3.0,control,1060.0,1.0,0.0,3.0,0.0,5.3,66.0,7.0,4.0
cameronapak/freedom-stack,2025-02,1,2024-10,1,4.0,control,1060.0,1.0,0.0,3.0,0.0,5.3,66.0,7.0,4.0
cameronapak/freedom-stack,2025-02,1,2024-10,1,4.0,control,1060.0,1.0,0.0,3.0,0.0,5.3,66.0,7.0,4.0
cameronapak/freedom-stack,2025-03,1,2024-10,1,5.0,control,1117.0,11.0,0.0,4.0,0.0,5.3,66.0,8.0,15.0
cameronapak/freedom-stack,2025-03,1,2024-10,1,5.0,control,1117.0,11.0,0.0,4.0,0.0,5.3,66.0,8.0,15.0
cameronapak/freedom-stack,2025-04,1,2024-10,1,6.0,control,1117.0,11.0,0.0,4.0,0.0,5.3,66.0,8.0,15.0
cameronapak/freedom-stack,2025-04,1,2024-10,1,6.0,control,1117.0,11.0,0.0,4.0,0.0,5.3,66.0,8.0,15.0
cameronapak/freedom-stack,2025-05,1,2024-10,1,7.0,control,1117.0,11.0,0.0,4.0,0.0,5.3,66.0,8.0,15.0
cameronapak/freedom-stack,2025-05,1,2024-10,1,7.0,control,1117.0,11.0,0.0,4.0,0.0,5.3,66.0,8.0,15.0
cameronapak/freedom-stack,2025-06,1,2024-10,1,8.0,control,1117.0,11.0,0.0,4.0,0.0,5.3,66.0,8.0,15.0
cameronapak/freedom-stack,2025-06,1,2024-10,1,8.0,control,1117.0,11.0,0.0,4.0,0.0,5.3,66.0,8.0,15.0
cameronapak/freedom-stack,2025-07,1,2024-10,1,9.0,control,1120.0,11.0,0.0,3.0,0.0,5.5,68.0,7.0,14.0
cameronapak/freedom-stack,2025-07,1,2024-10,1,9.0,control,1120.0,11.0,0.0,3.0,0.0,5.5,68.0,7.0,14.0
v112263/it-autonomos-spain,2024-07,0,2025-03,0,-8.0,treatment,9.0,0.0,0.0,0.0,0.0,0.0,,0.0,0.0
v112263/it-autonomos-spain,2024-07,0,2025-03,0,-8.0,treatment,9.0,0.0,0.0,0.0,0.0,0.0,,0.0,0.0
v112263/it-autonomos-spain,2024-08,0,2025-03,0,-7.0,treatment,9.0,0.0,0.0,0.0,0.0,0.0,,0.0,0.0
v112263/it-autonomos-spain,2024-08,0,2025-03,0,-7.0,treatment,9.0,0.0,0.0,0.0,0.0,0.0,,0.0,0.0
v112263/it-autonomos-spain,2024-09,0,2025-03,0,-6.0,treatment,110.0,0.0,0.0,0.0,0.0,1.8,,0.0,0.0
v112263/it-autonomos-spain,2024-09,0,2025-03,0,-6.0,treatment,110.0,0.0,0.0,0.0,0.0,1.8,,0.0,0.0
v112263/it-autonomos-spain,2024-10,0,2025-03,0,-5.0,treatment,110.0,0.0,0.0,0.0,0.0,1.8,,0.0,0.0
v112263/it-autonomos-spain,2024-10,0,2025-03,0,-5.0,treatment,110.0,0.0,0.0,0.0,0.0,1.8,,0.0,0.0
v112263/it-autonomos-spain,2024-11,0,2025-03,0,-4.0,treatment,30.0,0.0,0.0,0.0,0.0,11.8,,0.0,0.0
v112263/it-autonomos-spain,2024-11,0,2025-03,0,-4.0,treatment,30.0,0.0,0.0,0.0,0.0,11.8,,0.0,0.0
v112263/it-autonomos-spain,2024-12,0,2025-03,0,-3.0,treatment,30.0,0.0,0.0,0.0,0.0,11.8,,0.0,0.0
v112263/it-autonomos-spain,2024-12,0,2025-03,0,-3.0,treatment,30.0,0.0,0.0,0.0,0.0,11.8,,0.0,0.0
v112263/it-autonomos-spain,2025-01,0,2025-03,0,-2.0,treatment,30.0,0.0,0.0,0.0,0.0,11.8,,0.0,0.0
v112263/it-autonomos-spain,2025-01,0,2025-03,0,-2.0,treatment,30.0,0.0,0.0,0.0,0.0,11.8,,0.0,0.0
v112263/it-autonomos-spain,2025-02,0,2025-03,0,-1.0,treatment,30.0,0.0,0.0,0.0,0.0,11.8,,0.0,0.0
v112263/it-autonomos-spain,2025-02,0,2025-03,0,-1.0,treatment,30.0,0.0,0.0,0.0,0.0,11.8,,0.0,0.0
v112263/it-autonomos-spain,2025-03,1,2025-03,1,0.0,treatment,221.0,0.0,0.0,0.0,0.0,3.1,,0.0,0.0
v112263/it-autonomos-spain,2025-03,1,2025-03,1,0.0,treatment,221.0,0.0,0.0,0.0,0.0,3.1,,0.0,0.0
v112263/it-autonomos-spain,2025-04,1,2025-03,1,1.0,treatment,423.0,1.0,0.0,0.0,0.0,3.6,,0.0,1.0
v112263/it-autonomos-spain,2025-04,1,2025-03,1,1.0,treatment,423.0,1.0,0.0,0.0,0.0,3.6,,0.0,1.0
v112263/it-autonomos-spain,2025-05,1,2025-03,1,2.0,treatment,423.0,1.0,0.0,0.0,0.0,3.6,,0.0,1.0
v112263/it-autonomos-spain,2025-05,1,2025-03,1,2.0,treatment,423.0,1.0,0.0,0.0,0.0,3.6,,0.0,1.0
v112263/it-autonomos-spain,2025-06,1,2025-03,1,3.0,treatment,526.0,1.0,0.0,0.0,0.0,3.3,,0.0,1.0
v112263/it-autonomos-spain,2025-06,1,2025-03,1,3.0,treatment,526.0,1.0,0.0,0.0,0.0,3.3,,0.0,1.0
v112263/it-autonomos-spain,2025-07,1,2025-03,1,4.0,treatment,526.0,1.0,0.0,0.0,0.0,3.3,,0.0,1.0
v112263/it-autonomos-spain,2025-07,1,2025-03,1,4.0,treatment,526.0,1.0,0.0,0.0,0.0,3.3,,0.0,1.0
v112263/it-autonomos-spain,2025-08,1,2025-03,1,5.0,treatment,415.0,1.0,0.0,0.0,0.0,3.0,,0.0,1.0
v112263/it-autonomos-spain,2025-08,1,2025-03,1,5.0,treatment,415.0,1.0,0.0,0.0,0.0,3.0,,0.0,1.0
v112263/it-autonomos-spain,2024-07,0,2025-03,0,-8.0,control,9.0,0.0,0.0,0.0,0.0,0.0,,0.0,0.0
v112263/it-autonomos-spain,2024-07,0,2025-03,0,-8.0,control,9.0,0.0,0.0,0.0,0.0,0.0,,0.0,0.0
v112263/it-autonomos-spain,2024-08,0,2025-03,0,-7.0,control,9.0,0.0,0.0,0.0,0.0,0.0,,0.0,0.0
v112263/it-autonomos-spain,2024-08,0,2025-03,0,-7.0,control,9.0,0.0,0.0,0.0,0.0,0.0,,0.0,0.0
v112263/it-autonomos-spain,2024-09,0,2025-03,0,-6.0,control,110.0,0.0,0.0,0.0,0.0,1.8,,0.0,0.0
v112263/it-autonomos-spain,2024-09,0,2025-03,0,-6.0,control,110.0,0.0,0.0,0.0,0.0,1.8,,0.0,0.0
v112263/it-autonomos-spain,2024-10,0,2025-03,0,-5.0,control,110.0,0.0,0.0,0.0,0.0,1.8,,0.0,0.0
v112263/it-autonomos-spain,2024-10,0,2025-03,0,-5.0,control,110.0,0.0,0.0,0.0,0.0,1.8,,0.0,0.0
v112263/it-autonomos-spain,2024-11,0,2025-03,0,-4.0,control,30.0,0.0,0.0,0.0,0.0,11.8,,0.0,0.0
v112263/it-autonomos-spain,2024-11,0,2025-03,0,-4.0,control,30.0,0.0,0.0,0.0,0.0,11.8,,0.0,0.0
v112263/it-autonomos-spain,2024-12,0,2025-03,0,-3.0,control,30.0,0.0,0.0,0.0,0.0,11.8,,0.0,0.0
v112263/it-autonomos-spain,2024-12,0,2025-03,0,-3.0,control,30.0,0.0,0.0,0.0,0.0,11.8,,0.0,0.0
v112263/it-autonomos-spain,2025-01,0,2025-03,0,-2.0,control,30.0,0.0,0.0,0.0,0.0,11.8,,0.0,0.0
v112263/it-autonomos-spain,2025-01,0,2025-03,0,-2.0,control,30.0,0.0,0.0,0.0,0.0,11.8,,0.0,0.0
v112263/it-autonomos-spain,2025-02,0,2025-03,0,-1.0,control,30.0,0.0,0.0,0.0,0.0,11.8,,0.0,0.0
v112263/it-autonomos-spain,2025-02,0,2025-03,0,-1.0,control,30.0,0.0,0.0,0.0,0.0,11.8,,0.0,0.0
v112263/it-autonomos-spain,2025-03,1,2025-03,1,0.0,control,221.0,0.0,0.0,0.0,0.0,3.1,,0.0,0.0
v112263/it-autonomos-spain,2025-03,1,2025-03,1,0.0,control,221.0,0.0,0.0,0.0,0.0,3.1,,0.0,0.0
v112263/it-autonomos-spain,2025-04,1,2025-03,1,1.0,control,423.0,1.0,0.0,0.0,0.0,3.6,,0.0,1.0
v112263/it-autonomos-spain,2025-04,1,2025-03,1,1.0,control,423.0,1.0,0.0,0.0,0.0,3.6,,0.0,1.0
v112263/it-autonomos-spain,2025-05,1,2025-03,1,2.0,control,423.0,1.0,0.0,0.0,0.0,3.6,,0.0,1.0
v112263/it-autonomos-spain,2025-05,1,2025-03,1,2.0,control,423.0,1.0,0.0,0.0,0.0,3.6,,0.0,1.0
v112263/it-autonomos-spain,2025-06,1,2025-03,1,3.0,control,526.0,1.0,0.0,0.0,0.0,3.3,,0.0,1.0
v112263/it-autonomos-spain,2025-06,1,2025-03,1,3.0,control,526.0,1.0,0.0,0.0,0.0,3.3,,0.0,1.0
v112263/it-autonomos-spain,2025-07,1,2025-03,1,4.0,control,526.0,1.0,0.0,0.0,0.0,3.3,,0.0,1.0
v112263/it-autonomos-spain,2025-07,1,2025-03,1,4.0,control,526.0,1.0,0.0,0.0,0.0,3.3,,0.0,1.0
v112263/it-autonomos-spain,2025-08,1,2025-03,1,5.0,control,415.0,1.0,0.0,0.0,0.0,3.0,,0.0,1.0
v112263/it-autonomos-spain,2025-08,1,2025-03,1,5.0,control,415.0,1.0,0.0,0.0,0.0,3.0,,0.0,1.0
yuiseki/TRIDENT,2024-01,0,2024-12,0,-11.0,treatment,7029.0,10.0,0.0,111.0,11.6,3.8,451.0,501.0,121.0
yuiseki/TRIDENT,2024-01,0,2024-12,0,-11.0,treatment,7029.0,10.0,0.0,111.0,11.6,3.8,451.0,501.0,121.0
yuiseki/TRIDENT,2024-02,0,2024-12,0,-10.0,treatment,7029.0,10.0,0.0,111.0,11.6,3.8,451.0,501.0,121.0
yuiseki/TRIDENT,2024-02,0,2024-12,0,-10.0,treatment,7029.0,10.0,0.0,111.0,11.6,3.8,451.0,501.0,121.0
yuiseki/TRIDENT,2024-03,0,2024-12,0,-9.0,treatment,7069.0,10.0,0.0,110.0,11.8,3.8,451.0,500.0,120.0
yuiseki/TRIDENT,2024-03,0,2024-12,0,-9.0,treatment,7069.0,10.0,0.0,110.0,11.8,3.8,451.0,500.0,120.0
yuiseki/TRIDENT,2024-04,0,2024-12,0,-8.0,treatment,7069.0,10.0,0.0,110.0,11.8,3.8,451.0,500.0,120.0
yuiseki/TRIDENT,2024-04,0,2024-12,0,-8.0,treatment,7069.0,10.0,0.0,110.0,11.8,3.8,451.0,500.0,120.0
yuiseki/TRIDENT,2024-05,0,2024-12,0,-7.0,treatment,7069.0,10.0,0.0,110.0,11.8,3.8,451.0,500.0,120.0
yuiseki/TRIDENT,2024-05,0,2024-12,0,-7.0,treatment,7069.0,10.0,0.0,110.0,11.8,3.8,451.0,500.0,120.0
yuiseki/TRIDENT,2024-06,0,2024-12,0,-6.0,treatment,6768.0,9.0,0.0,101.0,12.7,3.5,400.0,455.0,110.0
yuiseki/TRIDENT,2024-06,0,2024-12,0,-6.0,treatment,6768.0,9.0,0.0,101.0,12.7,3.5,400.0,455.0,110.0
yuiseki/TRIDENT,2024-07,0,2024-12,0,-5.0,treatment,6793.0,9.0,0.0,101.0,12.6,3.5,402.0,451.0,110.0
yuiseki/TRIDENT,2024-07,0,2024-12,0,-5.0,treatment,6793.0,9.0,0.0,101.0,12.6,3.5,402.0,451.0,110.0
yuiseki/TRIDENT,2024-08,0,2024-12,0,-4.0,treatment,6793.0,9.0,0.0,101.0,12.6,3.5,402.0,451.0,110.0
yuiseki/TRIDENT,2024-08,0,2024-12,0,-4.0,treatment,6793.0,9.0,0.0,101.0,12.6,3.5,402.0,451.0,110.0
yuiseki/TRIDENT,2024-09,0,2024-12,0,-3.0,treatment,6793.0,9.0,0.0,101.0,12.6,3.5,402.0,451.0,110.0
yuiseki/TRIDENT,2024-09,0,2024-12,0,-3.0,treatment,6793.0,9.0,0.0,101.0,12.6,3.5,402.0,451.0,110.0
yuiseki/TRIDENT,2024-10,0,2024-12,0,-2.0,treatment,7317.0,9.0,0.0,107.0,11.9,3.4,421.0,492.0,116.0
yuiseki/TRIDENT,2024-10,0,2024-12,0,-2.0,treatment,7317.0,9.0,0.0,107.0,11.9,3.4,421.0,492.0,116.0
yuiseki/TRIDENT,2024-11,0,2024-12,0,-1.0,treatment,8918.0,14.0,0.0,120.0,12.5,3.9,618.0,617.0,134.0
yuiseki/TRIDENT,2024-11,0,2024-12,0,-1.0,treatment,8918.0,14.0,0.0,120.0,12.5,3.9,618.0,617.0,134.0
yuiseki/TRIDENT,2024-12,1,2024-12,1,0.0,treatment,10377.0,14.0,0.0,138.0,11.8,4.4,730.0,675.0,152.0
yuiseki/TRIDENT,2024-12,1,2024-12,1,0.0,treatment,10377.0,14.0,0.0,138.0,11.8,4.4,730.0,675.0,152.0
yuiseki/TRIDENT,2025-01,1,2024-12,1,1.0,treatment,10421.0,14.0,0.0,119.0,11.0,4.4,728.0,605.0,133.0
yuiseki/TRIDENT,2025-01,1,2024-12,1,1.0,treatment,10421.0,14.0,0.0,119.0,11.0,4.4,728.0,605.0,133.0
yuiseki/TRIDENT,2025-02,1,2024-12,1,2.0,treatment,11989.0,14.0,0.0,139.0,10.1,4.2,765.0,685.0,153.0
yuiseki/TRIDENT,2025-02,1,2024-12,1,2.0,treatment,11989.0,14.0,0.0,139.0,10.1,4.2,765.0,685.0,153.0
yuiseki/TRIDENT,2025-03,1,2024-12,1,3.0,treatment,11999.0,14.0,0.0,154.0,9.8,4.4,763.0,708.0,168.0
yuiseki/TRIDENT,2025-03,1,2024-12,1,3.0,treatment,11999.0,14.0,0.0,154.0,9.8,4.4,763.0,708.0,168.0
yuiseki/TRIDENT,2025-04,1,2024-12,1,4.0,treatment,11999.0,14.0,0.0,154.0,9.8,4.4,763.0,708.0,168.0
yuiseki/TRIDENT,2025-04,1,2024-12,1,4.0,treatment,11999.0,14.0,0.0,154.0,9.8,4.4,763.0,708.0,168.0
yuiseki/TRIDENT,2025-05,1,2024-12,1,5.0,treatment,12005.0,14.0,0.0,155.0,9.8,4.4,763.0,709.0,169.0
yuiseki/TRIDENT,2025-05,1,2024-12,1,5.0,treatment,12005.0,14.0,0.0,155.0,9.8,4.4,763.0,709.0,169.0
yuiseki/TRIDENT,2025-06,1,2024-12,1,6.0,treatment,11299.0,14.0,0.0,145.0,9.9,4.2,731.0,695.0,159.0
yuiseki/TRIDENT,2025-06,1,2024-12,1,6.0,treatment,11299.0,14.0,0.0,145.0,9.9,4.2,731.0,695.0,159.0
yuiseki/TRIDENT,2025-07,1,2024-12,1,7.0,treatment,11299.0,14.0,0.0,145.0,9.9,4.2,731.0,695.0,159.0
yuiseki/TRIDENT,2025-07,1,2024-12,1,7.0,treatment,11299.0,14.0,0.0,145.0,9.9,4.2,731.0,695.0,159.0
yuiseki/TRIDENT,2024-01,0,2024-12,0,-11.0,control,7029.0,10.0,0.0,111.0,11.6,3.8,451.0,501.0,121.0
yuiseki/TRIDENT,2024-01,0,2024-12,0,-11.0,control,7029.0,10.0,0.0,111.0,11.6,3.8,451.0,501.0,121.0
yuiseki/TRIDENT,2024-02,0,2024-12,0,-10.0,control,7029.0,10.0,0.0,111.0,11.6,3.8,451.0,501.0,121.0
yuiseki/TRIDENT,2024-02,0,2024-12,0,-10.0,control,7029.0,10.0,0.0,111.0,11.6,3.8,451.0,501.0,121.0
yuiseki/TRIDENT,2024-03,0,2024-12,0,-9.0,control,7069.0,10.0,0.0,110.0,11.8,3.8,451.0,500.0,120.0
yuiseki/TRIDENT,2024-03,0,2024-12,0,-9.0,control,7069.0,10.0,0.0,110.0,11.8,3.8,451.0,500.0,120.0
yuiseki/TRIDENT,2024-04,0,2024-12,0,-8.0,control,7069.0,10.0,0.0,110.0,11.8,3.8,451.0,500.0,120.0
yuiseki/TRIDENT,2024-04,0,2024-12,0,-8.0,control,7069.0,10.0,0.0,110.0,11.8,3.8,451.0,500.0,120.0
yuiseki/TRIDENT,2024-05,0,2024-12,0,-7.0,control,7069.0,10.0,0.0,110.0,11.8,3.8,451.0,500.0,120.0
yuiseki/TRIDENT,2024-05,0,2024-12,0,-7.0,control,7069.0,10.0,0.0,110.0,11.8,3.8,451.0,500.0,120.0
yuiseki/TRIDENT,2024-06,0,2024-12,0,-6.0,control,6768.0,9.0,0.0,101.0,12.7,3.5,400.0,455.0,110.0
yuiseki/TRIDENT,2024-06,0,2024-12,0,-6.0,control,6768.0,9.0,0.0,101.0,12.7,3.5,400.0,455.0,110.0
yuiseki/TRIDENT,2024-07,0,2024-12,0,-5.0,control,6793.0,9.0,0.0,101.0,12.6,3.5,402.0,451.0,110.0
yuiseki/TRIDENT,2024-07,0,2024-12,0,-5.0,control,6793.0,9.0,0.0,101.0,12.6,3.5,402.0,451.0,110.0
yuiseki/TRIDENT,2024-08,0,2024-12,0,-4.0,control,6793.0,9.0,0.0,101.0,12.6,3.5,402.0,451.0,110.0
yuiseki/TRIDENT,2024-08,0,2024-12,0,-4.0,control,6793.0,9.0,0.0,101.0,12.6,3.5,402.0,451.0,110.0
yuiseki/TRIDENT,2024-09,0,2024-12,0,-3.0,control,6793.0,9.0,0.0,101.0,12.6,3.5,402.0,451.0,110.0
yuiseki/TRIDENT,2024-09,0,2024-12,0,-3.0,control,6793.0,9.0,0.0,101.0,12.6,3.5,402.0,451.0,110.0
yuiseki/TRIDENT,2024-10,0,2024-12,0,-2.0,control,7317.0,9.0,0.0,107.0,11.9,3.4,421.0,492.0,116.0
yuiseki/TRIDENT,2024-10,0,2024-12,0,-2.0,control,7317.0,9.0,0.0,107.0,11.9,3.4,421.0,492.0,116.0
yuiseki/TRIDENT,2024-11,0,2024-12,0,-1.0,control,8918.0,14.0,0.0,120.0,12.5,3.9,618.0,617.0,134.0
yuiseki/TRIDENT,2024-11,0,2024-12,0,-1.0,control,8918.0,14.0,0.0,120.0,12.5,3.9,618.0,617.0,134.0
yuiseki/TRIDENT,2024-12,1,2024-12,1,0.0,control,10377.0,14.0,0.0,138.0,11.8,4.4,730.0,675.0,152.0
yuiseki/TRIDENT,2024-12,1,2024-12,1,0.0,control,10377.0,14.0,0.0,138.0,11.8,4.4,730.0,675.0,152.0
yuiseki/TRIDENT,2025-01,1,2024-12,1,1.0,control,10421.0,14.0,0.0,119.0,11.0,4.4,728.0,605.0,133.0
yuiseki/TRIDENT,2025-01,1,2024-12,1,1.0,control,10421.0,14.0,0.0,119.0,11.0,4.4,728.0,605.0,133.0
yuiseki/TRIDENT,2025-02,1,2024-12,1,2.0,control,11989.0,14.0,0.0,139.0,10.1,4.2,765.0,685.0,153.0
yuiseki/TRIDENT,2025-02,1,2024-12,1,2.0,control,11989.0,14.0,0.0,139.0,10.1,4.2,765.0,685.0,153.0
yuiseki/TRIDENT,2025-03,1,2024-12,1,3.0,control,11999.0,14.0,0.0,154.0,9.8,4.4,763.0,708.0,168.0
yuiseki/TRIDENT,2025-03,1,2024-12,1,3.0,control,11999.0,14.0,0.0,154.0,9.8,4.4,763.0,708.0,168.0
yuiseki/TRIDENT,2025-04,1,2024-12,1,4.0,control,11999.0,14.0,0.0,154.0,9.8,4.4,763.0,708.0,168.0
yuiseki/TRIDENT,2025-04,1,2024-12,1,4.0,control,11999.0,14.0,0.0,154.0,9.8,4.4,763.0,708.0,168.0
yuiseki/TRIDENT,2025-05,1,2024-12,1,5.0,control,12005.0,14.0,0.0,155.0,9.8,4.4,763.0,709.0,169.0
yuiseki/TRIDENT,2025-05,1,2024-12,1,5.0,control,12005.0,14.0,0.0,155.0,9.8,4.4,763.0,709.0,169.0
yuiseki/TRIDENT,2025-06,1,2024-12,1,6.0,control,11299.0,14.0,0.0,145.0,9.9,4.2,731.0,695.0,159.0
yuiseki/TRIDENT,2025-06,1,2024-12,1,6.0,control,11299.0,14.0,0.0,145.0,9.9,4.2,731.0,695.0,159.0
yuiseki/TRIDENT,2025-07,1,2024-12,1,7.0,control,11299.0,14.0,0.0,145.0,9.9,4.2,731.0,695.0,159.0
yuiseki/TRIDENT,2025-07,1,2024-12,1,7.0,control,11299.0,14.0,0.0,145.0,9.9,4.2,731.0,695.0,159.0
